state,cluster_2000,dist_1cs_2000,rank_1cs_2000,dist_own_2000,rank_own_2000,extremity_2000,rank_extremity_2000,cluster_2001,dist_1cs_2001,dist_1cs_delta_2001,rank_1cs_2001,rank_1cs_delta_2001,dist_own_2001,dist_own_delta_2001,rank_own_2001,extremity_2001,extremity_delta_2001,rank_extremity_2001,rank_extremity_delta_2001,cluster_2002,dist_1cs_2002,dist_1cs_delta_2002,rank_1cs_2002,rank_1cs_delta_2002,dist_own_2002,dist_own_delta_2002,rank_own_2002,extremity_2002,extremity_delta_2002,rank_extremity_2002,rank_extremity_delta_2002,cluster_2003,dist_1cs_2003,dist_1cs_delta_2003,rank_1cs_2003,rank_1cs_delta_2003,dist_own_2003,dist_own_delta_2003,rank_own_2003,extremity_2003,extremity_delta_2003,rank_extremity_2003,rank_extremity_delta_2003,cluster_2004,dist_1cs_2004,dist_1cs_delta_2004,rank_1cs_2004,rank_1cs_delta_2004,dist_own_2004,dist_own_delta_2004,rank_own_2004,extremity_2004,extremity_delta_2004,rank_extremity_2004,rank_extremity_delta_2004,cluster_2005,dist_1cs_2005,dist_1cs_delta_2005,rank_1cs_2005,rank_1cs_delta_2005,dist_own_2005,dist_own_delta_2005,rank_own_2005,extremity_2005,extremity_delta_2005,rank_extremity_2005,rank_extremity_delta_2005,cluster_2006,dist_1cs_2006,dist_1cs_delta_2006,rank_1cs_2006,rank_1cs_delta_2006,dist_own_2006,dist_own_delta_2006,rank_own_2006,extremity_2006,extremity_delta_2006,rank_extremity_2006,rank_extremity_delta_2006,cluster_2007,dist_1cs_2007,dist_1cs_delta_2007,rank_1cs_2007,rank_1cs_delta_2007,dist_own_2007,dist_own_delta_2007,rank_own_2007,extremity_2007,extremity_delta_2007,rank_extremity_2007,rank_extremity_delta_2007,cluster_2008,dist_1cs_2008,dist_1cs_delta_2008,rank_1cs_2008,rank_1cs_delta_2008,dist_own_2008,dist_own_delta_2008,rank_own_2008,extremity_2008,extremity_delta_2008,rank_extremity_2008,rank_extremity_delta_2008,cluster_2009,dist_1cs_2009,dist_1cs_delta_2009,rank_1cs_2009,rank_1cs_delta_2009,dist_own_2009,dist_own_delta_2009,rank_own_2009,extremity_2009,extremity_delta_2009,rank_extremity_2009,rank_extremity_delta_2009,cluster_2010,dist_1cs_2010,dist_1cs_delta_2010,rank_1cs_2010,rank_1cs_delta_2010,dist_own_2010,dist_own_delta_2010,rank_own_2010,extremity_2010,extremity_delta_2010,rank_extremity_2010,rank_extremity_delta_2010,cluster_2011,dist_1cs_2011,dist_1cs_delta_2011,rank_1cs_2011,rank_1cs_delta_2011,dist_own_2011,dist_own_delta_2011,rank_own_2011,extremity_2011,extremity_delta_2011,rank_extremity_2011,rank_extremity_delta_2011,cluster_2012,dist_1cs_2012,dist_1cs_delta_2012,rank_1cs_2012,rank_1cs_delta_2012,dist_own_2012,dist_own_delta_2012,rank_own_2012,extremity_2012,extremity_delta_2012,rank_extremity_2012,rank_extremity_delta_2012,cluster_2013,dist_1cs_2013,dist_1cs_delta_2013,rank_1cs_2013,rank_1cs_delta_2013,dist_own_2013,dist_own_delta_2013,rank_own_2013,extremity_2013,extremity_delta_2013,rank_extremity_2013,rank_extremity_delta_2013,cluster_2014,dist_1cs_2014,dist_1cs_delta_2014,rank_1cs_2014,rank_1cs_delta_2014,dist_own_2014,dist_own_delta_2014,rank_own_2014,extremity_2014,extremity_delta_2014,rank_extremity_2014,rank_extremity_delta_2014,cluster_2015,dist_1cs_2015,dist_1cs_delta_2015,rank_1cs_2015,rank_1cs_delta_2015,dist_own_2015,dist_own_delta_2015,rank_own_2015,extremity_2015,extremity_delta_2015,rank_extremity_2015,rank_extremity_delta_2015,cluster_2016,dist_1cs_2016,dist_1cs_delta_2016,rank_1cs_2016,rank_1cs_delta_2016,dist_own_2016,dist_own_delta_2016,rank_own_2016,extremity_2016,extremity_delta_2016,rank_extremity_2016,rank_extremity_delta_2016,cluster_2017,dist_1cs_2017,dist_1cs_delta_2017,rank_1cs_2017,rank_1cs_delta_2017,dist_own_2017,dist_own_delta_2017,rank_own_2017,extremity_2017,extremity_delta_2017,rank_extremity_2017,rank_extremity_delta_2017,cluster_2018,dist_1cs_2018,dist_1cs_delta_2018,rank_1cs_2018,rank_1cs_delta_2018,dist_own_2018,dist_own_delta_2018,rank_own_2018,extremity_2018,extremity_delta_2018,rank_extremity_2018,rank_extremity_delta_2018,cluster_2019,dist_1cs_2019,dist_1cs_delta_2019,rank_1cs_2019,rank_1cs_delta_2019,dist_own_2019,dist_own_delta_2019,rank_own_2019,extremity_2019,extremity_delta_2019,rank_extremity_2019,rank_extremity_delta_2019
Alabama,1,1.207754,26,.92086583,21,2.1521921,26,1,1.2318658,.024111748,24,-2,.92170328,.00083744526,19,2.2001076,.047915459,24,-2,1,1.227332,-.0045337677,20.5,-3.5,.91582453,-.0058787465,15.5,2.1954334,-.0046741962,20.5,-3.5,1,1.5669109,.33957887,38,17.5,1.3520105,.43618596,30,3.38573,1.1902966,45,24.5,1,1.5660517,-.00085914135,38,0,1.3528663,.00085580349,30,3.3878732,.0021431446,46,1,1,1.5607953,-.0052564144,35,-3,1.3551298,.002263546,28,3.4321301,.044256926,43,-3,1,1.5666654,.0058701038,33,-2,1.3248796,-.030250192,26.5,3.2958567,-.13627338,41,-2,1,1.5438297,-.022835732,32,-1,1.2326927,-.092186928,21.5,2.9484076,-.34744906,35,-6,1,1.4980764,-.045753241,30,-2,1.1664286,-.066264153,16,2.6459401,-.30246758,29,-6,1,1.5733691,.075292706,29,-1,1.1553018,-.011126757,14.5,2.8006046,.15466452,27,-2,1,1.6955398,.12217069,32,3,1.3403723,.18507051,18,3.0633299,.26272535,31,4,1,2.1666889,.47114909,46,14,1.7420557,.40168333,26,4.9783869,1.9150569,48,17,1,1.995935,-.17075396,42,-4,1.5550698,-.18698585,21,3.9230189,-1.0553679,41,-7,1,2.0405822,.044647217,44,2,1.6168358,.061766028,25,4.4412599,.51824093,45,4,1,2.0986805,.058098316,46,2,1.6105901,-.0062457323,21,4.4052329,-.036026955,43,-2,1,2.1215467,.022866249,45,-1,1.6045725,-.0060175657,20,4.4025335,-.0026993752,42,-1,1,2.1274283,.0058815479,45,0,1.6427294,.038156867,22,4.6585503,.25601673,44,2,1,1.9389223,-.18850601,41,-4,1.4312072,-.21152222,19.5,3.8455603,-.81298995,40,-4,1,2.0043445,.065422177,43,2,1.5065758,.075368643,20,4.2056227,.36006236,41,1,1,2.0358427,.031498194,42,-1,1.4995426,-.0070332289,20,4.2103996,.0047769547,40,-1
Alaska,1,.90089446,13,.58991003,5,1.2461244,5,1,.93297076,.032076299,11,-2,.59121656,.0013065338,5,1.281424,.035299659,5,0,1,.9269762,-.0059945583,4,-7,.58200908,-.0092074871,4,1.2680143,-.013409734,4,-1,1,.89897197,-.028004229,3.5,-.5,.57265353,-.009355545,3.5,1.1834841,-.084530234,3.5,-.5,1,.89747387,-.0014981031,3.5,0,.57467115,.0020176172,3.5,1.1876538,.0041697025,3.5,0,1,.91007644,.012602568,3.5,0,.61393601,.039264858,3.5,1.2899293,.10227549,3.5,0,1,.92010736,.010030925,3.5,0,.57160711,-.042328894,3.5,1.1698378,-.12009144,3.5,0,1,.94510007,.024992704,3,-.5,.51916397,-.052443147,3,1.0155168,-.15432107,3,-.5,1,.95441067,.0093106031,2,-1,.57203341,.052869439,2,1.0522596,.036742806,2,-1,1,1.0778519,.12344122,2,0,.57855183,.0065184236,2,1.1735497,.12129009,2,0,1,1.249452,.1716001,8,6,.89252311,.31397128,3,1.6894876,.51593792,3,1,1,1.3749977,.12554574,17,9,1.1334715,.24094838,8.5,2.2894633,.59997571,16,13,1,1.0862019,-.28879583,3,-14,.61217946,-.52129203,3,1.0488811,-1.2405822,3,-13,1,1.1492772,.063075304,5,2,.65998995,.047810495,3,1.3022381,.25335705,3,0,1,1.2573504,.10807323,7,2,.68847656,.028486609,3,1.373703,.071464896,3,0,1,1.295157,.037806511,7.5,.5,.7009418,.012465239,3,1.4100327,.036329746,3,0,1,1.3047689,.0096119642,8,.5,.79024404,.089302242,3,1.6529961,.24296331,3,0,1,1.3190192,.014250278,11,3,.77711606,-.013127983,3,1.6581829,.0051867962,3,0,1,1.4134318,.094412565,14,3,.87736565,.10024959,2,1.989195,.33101213,6,3,1,1.4577544,.04432261,14.5,.5,.89676291,.019397259,2.5,2.0482767,.059081674,5.5,-.5
Arizona,1,.88994551,4.5,.67757285,13.5,1.3768054,13.5,1,.92240262,.032457113,3.5,-1,.7184732,.04090035,12.5,1.4778754,.10106993,12.5,-1,1,.93749279,.015090168,10,6.5,.74897045,.030497253,10,1.5494822,.071606874,10,-2.5,1,.90981233,-.027680457,8.5,-1.5,.74172384,-.0072466135,8.5,1.4467313,-.1027509,8.5,-1.5,1,.90833211,-.0014802217,8.5,0,.74328262,.0015587807,8.5,1.4497716,.0030403137,8.5,0,1,1.6344346,.72610247,39,30.5,1.5329353,.78965265,32,3.7280724,2.2783008,47,38.5,1,1.6280414,-.0063931942,37.5,-1.5,1.4386077,-.094327569,30,3.5606561,-.16741633,44,-3,1,1.8340672,.20602584,41,3.5,1.5873032,.14869547,30,4.0988955,.53823948,45,1,1,1.9476274,.1135602,40,-1,1.7302855,.14298236,29,4.4365082,.33761263,45,0,1,1.8799771,-.067650318,39,-1,1.64359,-.086695552,29,4.1888862,-.24762201,43,-2,1,2.0127907,.13281357,43,4,1.7618996,.11830962,25,4.4093981,.22051191,42,-1,1,1.9272125,-.085578203,39,-4,1.5233096,-.23859,24,3.9905117,-.41888642,39,-3,1,1.7499106,-.17730188,36,-3,1.3612584,-.1620512,16.5,3.0891488,-.9013629,32,-7,1,1.8006684,.050757766,35,-1,1.3653419,.0040835142,16.5,3.4580998,.36895108,34,2,1,1.8662505,.065582156,36,1,1.3542525,-.011089444,14,3.427146,-.030953884,32,-2,1,1.8919282,.025677681,36,0,1.3507972,-.0034552813,14,3.4316757,.0045297146,31,-1,1,1.8985213,.0065931082,36,0,1.3992207,.048423529,17,3.6800039,.24832821,34,3,1,1.7530388,-.14548254,34,-2,1.418209,.018988252,18,3.4163682,-.26363564,32,-2,1,1.7483171,-.0047216415,30,-4,1.4336963,.015487313,18,3.4892075,.07283926,33,1,1,1.7622259,.013908744,32.5,2.5,1.4104499,-.023246408,17,3.4453723,-.043835163,32,-1
Arkansas,1,1.2555145,27,1.0345124,26,2.3881083,30,1,1.2787261,.023211598,25,-2,1.0352581,.00074565411,24,2.4420779,.053969622,28,-2,1,1.274359,-.0043671131,23.5,-1.5,1.0026969,-.032561183,19.5,2.4036856,-.038392305,26.5,-1.5,1,1.2541358,-.020223141,21,-2.5,.99729574,-.0054011345,16.5,2.2896814,-.11400414,24,-2.5,1,1.2373155,-.016820312,19,-2,.97023612,-.027059615,14,2.2275555,-.062125921,21,-3,1,1.5545013,.31718576,34,15,1.6517472,.6815111,35,3.2976956,1.0701401,40,19,1,1.5222304,-.032270908,30,-4,1.6251217,-.026625514,33,3.173558,-.12413764,39,-1,1,1.5627648,.040534377,34,4,1.6641909,.039069176,31,3.2327936,.059235573,38,-1,2,1.256012,-.3067528,11,-23,1.4969735,-.16721737,11,2.250721,-.98207259,17,-21,1,1.2737931,.017781138,7,-4,1.3789086,-.11806488,22,2.386534,.135813,13,-4,2,1.2842762,.010483146,9,2,1.4363846,.057475924,8,2.2396607,-.14687324,13,0,1,1.2827785,-.0014977455,9,0,1.3948017,-.041582823,19,2.3054521,.065791368,17,4,2,1.2846878,.001909256,13,4,1.4229802,.028178453,10,2.2620187,-.043433428,19,2,1,1.2918503,.007162571,14,1,1.3718656,-.051114559,18,2.3378394,.075820684,17,-2,1,1.331205,.039354682,12,-2,1.3870833,.015217662,16,2.3871975,.04935813,15,-2,1,1.3525503,.021345258,12,0,1.3812988,-.0057845116,15,2.4219716,.034774065,14,-1,1,1.3617573,.0092070103,13,1,1.348677,-.032621741,15,2.4701788,.048207283,15,1,1,1.3646833,.002925992,13,0,1.3201509,-.028526187,15,2.4810822,.010903358,16,1,1,1.2920363,-.072646976,6,-7,1.3370219,.016871095,16.5,2.381614,-.099468231,12,-4,1,1.3330449,.041008592,7,1,1.3603234,.023301482,16,2.4712803,.089666367,12,0
California,2,2.2639205,49,1.3888444,11,3.8072226,49,2,2.4228981,.15897751,50,1,1.702286,.31344163,15,4.8695111,1.0622885,50,1,2,2.4043405,-.018557549,50,0,1.6772994,-.024986625,15,4.7785411,-.090970039,50,0,2,2.2457614,-.15857911,50,0,1.5930403,-.084259033,14,4.2298608,-.54868031,49,-1,2,2.2451622,-.00059914589,50,0,1.5930403,0,14,4.2305551,.0006942749,49,0,2,2.2815981,.036435843,50,0,1.6213657,.028325319,14,4.3161159,.085560799,48,-1,2,2.2575645,-.024033546,50,0,1.5912971,-.030068517,13,4.2925916,-.023524284,48,0,2,2.2087345,-.048830032,50,0,1.6535031,.062205911,15,4.4581861,.16559458,48,0,2,2.2215781,.012843609,49,-1,1.7086549,.05515182,17,4.6774373,.21925116,47,-1,2,2.2643876,.042809486,48,-1,1.7478527,.039197803,15,4.8871331,.20969582,48,1,2,2.1777289,-.086658716,49,1,1.7757252,.027872562,18,4.846931,-.040202141,48,0,2,2.5693197,.39159083,51,2,2.2075655,.4318403,23,6.7007265,1.8537955,51,3,2,2.5626335,-.0066862106,51,0,2.2693331,.061767578,28,7.0403342,.33960772,51,0,2,2.7657313,.20309782,51,0,2.3386497,.069316626,23,7.6383781,.59804392,51,0,2,2.6802745,-.085456848,51,0,2.3122551,-.026394606,26,7.4868522,-.15152597,51,0,2,2.6468589,-.033415556,51,0,2.3014429,-.010812283,27,7.4247785,-.062073708,51,0,2,2.7850213,.13816237,51,0,2.3674037,.065960884,24,7.8400307,.41525221,51,0,2,2.751044,-.03397727,51,0,2.307333,-.060070753,24,7.6274662,-.21256447,51,0,2,2.674818,-.076225996,51,0,2.1692343,-.13809872,23,7.0357366,-.59172964,51,0,2,2.6397321,-.035085917,51,0,2.1718688,.0026345253,24,7.0029807,-.032755852,51,0
Colorado,1,1.0881912,24,1.1368545,27,2.1153507,25,1,1.0971636,.0089724064,22,-2,1.1128459,-.024008632,25.5,2.1399589,.024608135,22,-3,1,1.0920706,-.0050929785,19,-3,1.1079817,-.0048642159,24.5,2.1446433,.0046844482,19,-3,1,1.0684026,-.023667932,16,-3,1.1030961,-.0048855543,23.5,1.9950832,-.14956009,16,-3,1,1.0671424,-.0012602806,15,-1,1.1041448,.0010486841,22,1.99698,.001896739,15,-1,1,1.0777626,.010620236,14,-1,1.1021594,-.0019854307,19.5,2.0366228,.039642811,15,0,1,1.1540761,.076313496,13,-1,1.1733433,.07118392,22,2.1757457,.13912296,14,-1,1,1.4163189,.26224279,25,12,1.3764197,.20307636,25,2.7789288,.60318303,29,15,1,1.3372923,-.07902658,18,-7,1.333125,-.043294668,24,2.473768,-.30516076,24,-5,1,1.3755569,.038264632,13,-5,1.2522203,-.080904722,17,2.5437083,.069940329,16,-8,1,1.4909376,.11538064,23,10,1.4898572,.23763692,21,2.7685702,.22486186,27,11,1,1.3296878,-.16124976,12,-11,1.1797884,-.31006885,11,2.2625172,-.50605297,15,-12,1,1.3534384,.023750544,19,7,1.3810766,.20128822,18,2.3373098,.074792624,20,5,1,1.3905334,.03709507,17,-2,1.531764,.15068746,24,2.6200793,.28276944,23,3,2,1.5105995,.12006605,23,6,1.6814556,.14969158,15,2.9624176,.34233832,26,3,2,1.4572268,-.053372741,19.5,-3.5,1.4143348,-.26712084,10,2.7356756,-.22674203,24,-2,2,1.4387735,-.01845324,18,-1.5,1.443526,.029191256,10,2.6444387,-.09123683,22,-2,2,1.3152976,-.12347591,9,-9,1.4255238,-.018002272,9,2.3964627,-.24797606,15,-7,2,1.3014867,-.013810873,7,-2,1.5069153,.081391573,12,2.4173391,.020876408,13,-2,2,1.5219147,.22042799,21,14,1.4463795,-.060535789,8,2.8721006,.45476151,20,7
Connecticut,2,1.8911153,44,1.0306417,1.5,2.4565895,32,2,1.885924,-.0051913261,42,-2,1.1392004,.10855877,1.5,2.6890342,.23244476,36,4,2,1.8933502,.0074262619,42,0,1.1604596,.021259189,1.5,2.7501945,.061160326,35,-1,2,1.7332712,-.160079,42,0,1.1566234,-.0038362741,4.5,2.4971457,-.2530489,31,-4,2,1.7437756,.010504365,42,0,1.1566234,0,4.5,2.512599,.015453339,30,-1,2,1.7502952,.006519556,41,-1,1.1893446,.032721281,4.5,2.5489557,.036356688,28,-2,2,1.7555317,.0052365065,41,0,1.199365,.010020375,4,2.6388814,.089925766,29,1,2,1.7576382,.0021065474,39,-2,1.2289784,.029613376,5.5,2.7875144,.148633,30,1,2,1.8066102,.048972011,39,0,1.3638098,.13483143,6,3.1674139,.3798995,36,6,2,1.7781353,-.028474927,36,-3,1.3870964,.023286581,6.5,3.1836979,.016283989,32,-4,2,1.7856599,.0075246096,35,-1,1.5043937,.11729729,10,3.4496686,.26597071,34,2,2,1.7230932,-.062566757,34.5,-.5,1.2994472,-.20494652,5,2.9669907,-.48267794,30,-4,2,1.7273552,.0042620897,35,.5,1.4662443,.16679716,12,3.3854959,.41850519,37,7,2,2.0309505,.3035953,43,8,1.5954212,.12917686,12,4.1141677,.72867179,40,3,2,1.9333372,-.097613335,39,-4,1.538101,-.057320237,12,3.9376585,-.17650914,37,-3,2,1.9074109,-.025926352,37,-2,1.530665,-.0074359179,14,3.9247913,-.012867212,37,0,2,1.9139504,.0065395832,38,1,1.4861923,-.044472694,11,3.7167041,-.20808721,35,-2,2,1.9031985,-.010751963,39,1,1.4472796,-.038912773,10,3.645493,-.0712111,36,1,2,1.8570863,-.04611218,37,-2,1.4329698,-.014309764,9,3.4949021,-.1505909,34,-2,2,1.8384639,-.018622398,37,0,1.4607124,.027742624,9.5,3.5526543,.057752132,34,0
Delaware,2,1.4238319,32.5,1.2364824,4,2.2436066,28.5,2,1.4169296,-.0069023371,31,-1.5,1.2771496,.040667176,6,2.2983108,.054704189,25,-3.5,2,1.4267991,.0098694563,31,0,1.2961482,.018998623,5,2.3485613,.05025053,23,-2,2,1.4226162,-.0041828156,33,2,1.1566234,-.13952482,4.5,2.0922983,-.25626302,20,-3,2,1.42167,-.00094628334,31,-2,1.1566234,0,4.5,2.0930381,.00073981285,18,-2,2,1.4296591,.0079891682,28,-3,1.1893446,.032721281,4.5,2.123481,.030442953,16,-2,2,1.4223459,-.0073132515,27,-1,1.2503905,.061045885,6,2.2510574,.12757635,20,4,2,1.4249452,.0025993586,26,-1,1.1853795,-.065011024,4,2.2238209,-.027236462,22,2,2,1.4716662,.046720982,29,3,1.2546964,.069316864,3,2.4223185,.19849753,21,-1,2,1.6404805,.1688143,31,2,1.518219,.26352262,8,3.1119373,.68961883,30,9,2,1.6486337,.0081532001,31,0,1.49104,-.027179003,9,3.1182065,.0062692165,32,2,2,1.417133,-.23150074,18,-13,1.3805631,-.11047685,8,2.5021191,-.61608744,21,-11,2,1.1476452,-.26948774,7,-11,1.0723211,-.30824208,2,1.8112466,-.69087243,8,-13,2,1.1911664,.043521166,8,1,1.2945282,.22220719,5,2.0202882,.2090416,10,2,2,1.2337369,.042570472,3.5,-4.5,1.351774,.057245731,7,2.1771536,.15686536,11,1,2,1.4110837,.17734683,15.5,12,1.4044803,.052706361,8.5,2.6242816,.44712806,20.5,9.5,2,1.4060341,-.0050495863,16.5,1,1.429021,.024540663,8,2.5631227,-.061158895,19.5,-1,2,1.4933211,.087286949,22.5,6,1.3885069,-.040514112,7,2.7291028,.1659801,22.5,3,2,1.4340895,-.05923152,17.5,-5,1.4177181,.029211164,7.5,2.6326616,-.096441269,18.5,-4,2,1.3440315,-.090058088,8.5,-9,1.4607124,.04299438,9.5,2.5059085,-.12675309,14,-4.5
D.C.,1,.88994551,4.5,.67757285,13.5,1.3768054,13.5,2,2.0929017,1.2029562,46,41.5,1.6220701,.94449723,14,4.0333385,2.6565332,48,34.5,2,2.0902364,-.0026652813,44,-2,1.5958279,-.026242137,14,3.9824219,-.050916672,48,0,2,2.0873835,-.0028529167,48.5,4.5,1.4847373,-.11109066,11,3.701978,-.28044391,48,0,2,2.0867388,-.00064468384,48,-.5,1.4847373,0,11,3.7026668,.00068879128,48,0,2,2.0827971,-.0039417744,48,0,1.4590499,-.025687337,10,3.5975626,-.10510421,45,-3,2,2.0588236,-.023973465,48,0,1.5210117,.06196177,11,3.7648451,.16728258,46,1,2,2.0510826,-.0077409744,46,-2,1.5508466,.029834867,12,3.9216895,.15684438,43,-3,2,2.0743811,.023298502,45,-1,1.6044511,.053604484,15,4.1407752,.21908569,43,0,2,2.0400405,-.03434062,45,0,1.6819031,.077452064,13,4.2331605,.092385292,44,1,2,2.1448417,.10480118,47,2,1.8174708,.13556767,19,4.817966,.58480549,47,3,2,2.2466602,.10181856,49,2,1.9653186,.14784777,20,5.2783823,.46041632,50,3,2,2.2542841,.0076239109,50,1,1.9748095,.0094909668,27,5.5340576,.25567532,50,0,2,2.3571448,.10286069,50,0,2.0381522,.06334269,22,5.7415099,.2074523,50,0,2,2.2735801,-.083564758,49,-1,1.975909,-.062243223,25,5.544529,-.19698095,50,0,2,2.2428493,-.030730724,49,0,1.9461192,-.029789805,25,5.4727092,-.071819782,49,-1,2,2.2309039,-.011945486,49,0,1.8597761,-.08634305,20,5.1353016,-.33740759,50,1,2,2.3998792,.16897535,50,1,1.8738422,.0140661,19.5,5.6596332,.52433157,49,-1,2,2.3300562,-.069823027,50,0,1.7721059,-.10173631,18,5.2157226,-.4439106,49,0,2,2.2896934,-.040362835,49,-1,1.7465243,-.025581598,18,5.1274691,-.088253498,49,0
Florida,1,.90089446,13,.58991003,5,1.2461244,5,1,.93297076,.032076299,11,-2,.59121656,.0013065338,5,1.281424,.035299659,5,0,1,1.3490994,.41612864,29,18,1.1327751,.5415585,27,2.7155118,1.4340878,34,29,1,1.3151881,-.033911347,27,-2,1.1030961,-.029678941,23.5,2.5325875,-.18292427,32,-2,1,1.3141645,-.001023531,24.5,-2.5,1.1041448,.0010486841,22,2.5349951,.0024075508,31,-1,1,1.3078961,-.0062683821,24,-.5,1.1021594,-.0019854307,19.5,2.5646331,.029638052,29,-2,1,1.3148956,.0069994926,24,0,1.0748518,-.02730763,15,2.4483218,-.11631131,27,-2,1,1.2876023,-.027293324,19,-5,.94579661,-.12905514,11.5,2.0777791,-.37054276,15,-12,1,1.2323728,-.055229545,10,-9,.87209833,-.073698282,4,1.7959573,-.28182173,6,-9,1,1.4702941,.23792136,21,11,1.1553018,.28320348,14.5,2.6127481,.81679082,19,13,1,1.3329728,-.13732135,13,-8,.93462318,-.22067863,4,1.8559272,-.75682092,7,-12,1,1.3516262,.018653393,15.5,2.5,.86547303,-.06915015,3.5,1.854363,-.0015642643,5.5,-1.5,1,1.3891848,.037558675,21,5.5,.99716049,.13168746,7,1.9419634,.08760047,12,6.5,1,1.1787559,-.21042895,7,-14,.6993984,-.2977621,5,1.3953218,-.54664159,5,-7,1,1.3888735,.21011758,14,7,1.2899613,.59056294,12,2.4200447,1.0247228,16,11,1,1.4231904,.034316897,17.5,3.5,1.2876282,-.0023331642,11,2.4657357,.045691013,16,0,1,1.3545387,-.068651676,12,-5.5,1.4480015,.16037333,18,2.5081935,.042457819,17,1,1,1.4900348,.13549614,21,9,1.5788599,.13085842,23,2.9320858,.42389226,28,11,1,1.4910665,.0010316372,22,1,1.5590013,-.019858599,22,2.965637,.033551216,26,-2,1,1.6034732,.11240673,25,3,1.5331277,-.025873661,21,3.2251656,.25952864,29,3
Georgia,1,1.0135567,22,.92086577,19,1.840708,19,1,1.0421711,.028614402,20,-2,.89105636,-.029809415,17,1.8615283,.02082026,17,-2,1,1.0368081,-.0053629875,13.5,-6.5,.884974,-.006082356,13.5,1.8591477,-.0023806095,13.5,-3.5,1,1.0310445,-.0057636499,11.5,-2,.87884957,-.0061244369,11.5,1.7732543,-.085893393,11.5,-2,1,1.0486072,.017562747,11.5,0,.91117889,.032329321,11.5,1.8384851,.065230846,11.5,0,1,1.0594133,.010806084,10.5,-1,.91453636,.00335747,10.5,1.8901684,.051683307,10.5,-1,1,1.1875702,.1281569,14,3.5,1.0715238,.15698743,14,2.1929557,.3027873,17,6.5,1,1.5310762,.34350598,29,15,1.3535255,.28200173,24,3.053493,.86053729,37,20,1,1.4582819,-.072794318,28,-1,1.2690767,-.084448814,22,2.692966,-.36052704,30,-7,1,1.6494206,.19113874,33,5,1.5004627,.23138595,23,3.4090998,.71613383,35,5,1,1.796607,.1471864,36,3,1.5776265,.077163815,24,3.6055582,.19645834,36,1,1,2.0988865,.30227947,42,6,1.8222163,.24458981,27,4.8819394,1.2763813,44,8,1,2.1324825,.033596039,45,3,1.8576467,.035430431,22,4.7516303,-.1303091,44,0,1,1.9907273,-.14175522,42,-3,1.6870984,-.17054832,27,4.4049454,-.34668493,43,-1,1,2.0201316,.029404283,42,0,1.6893786,.0022802353,23,4.3389492,-.06599617,41,-2,1,2.0438766,.02374506,42,0,1.6806703,-.0087083578,22,4.3486147,.0096654892,39,-2,1,2.0595238,.015647173,44,2,1.7412332,.060562968,24,4.6275334,.27891874,43,4,1,1.8889793,-.17054451,38,-6,1.5160323,-.22520089,21,3.8746769,-.75285649,41,-2,1,2.0370936,.14811432,44,6,1.753095,.23706269,24,4.6738153,.79913831,46,5,1,2.0633471,.026253462,43,-1,1.7476225,-.0054725409,23,4.6949005,.021085262,47,1
Hawaii,2,1.7511462,42,1.3646326,9.5,2.934998,38,1,1.4778904,-.27325583,33,-9,1.5862545,.22162187,34,3.1583774,.22337937,39,1,1,1.4741135,-.0037769079,33,0,1.5828458,-.0034086704,34,3.1709633,.012585878,38,-1,1,1.4700652,-.0040482283,34,1,1.5794299,-.0034159422,35,3.0262103,-.14475298,41,3,1,1.4824359,.012370706,33,-1,1.5976448,.018214941,35,3.0611103,.03489995,40,-1,1,1.4900993,.0076633692,29,-4,1.5849457,-.012699127,34,3.107105,.045994759,36,-4,2,1.5914998,.10140049,35,6,1.601086,.016140342,15,3.0067761,-.10032892,35,-1,2,1.5814731,-.010026693,36,1,1.6009434,-.00014257431,13.5,3.0299864,.023210287,36,1,2,1.5993619,.017888784,32,-4,1.5592966,-.041646838,12,3.0371833,.0071969032,34,-2,2,1.7503502,.15098834,34,2,1.6533482,.0940516,11,3.5207863,.483603,36,2,2,1.7468047,-.0035455227,34,0,1.6441412,-.0092070103,14,3.5131676,-.0076186657,35,-1,2,1.5302284,-.21657634,24,-10,1.5156711,-.12847006,11,2.8639655,-.64920211,28,-7,2,1.5221988,-.0080295801,28.5,4.5,1.4904031,-.025268078,15,2.8923302,.028364658,31,3,2,1.8543152,.33211637,38,9.5,1.7136723,.22326922,17,3.8618295,.96949935,39,8,2,1.8609899,.0066747665,35,-3,1.7921798,.078507543,18.5,4.0528631,.1910336,39,0,2,2.1490948,.28810489,46,11,1.9744598,.18227994,26,5.1894817,1.1366186,48,9,2,2.1457827,-.0033121109,46,0,1.9896652,.015205383,23,5.0634289,-.12605286,48,0,2,2.1269991,-.018783569,46,0,1.9501157,-.03954947,21,4.9832368,-.080192089,48,0,2,2.127722,.00072288513,47,1,1.7964731,-.15364254,19,4.7354507,-.24778605,47,-1,2,2.0834429,-.044279099,46,-1,1.7702205,-.026252627,19.5,4.6301408,-.10530996,46,-1
Idaho,1,1.4845093,34,1.2966599,33,3.1749787,43,1,1.5041914,.01968205,35,1,1.3184938,.021833897,32,3.2558465,.080867767,42,-1,1,1.5134919,.0093004704,37,2,1.3143909,-.0041029453,32,3.2938542,.038007736,42,0,1,1.2619289,-.25156295,23,-14,1.1030961,-.21129477,23.5,2.4178813,-.87597299,27,-15,1,1.2452139,-.01671505,21.5,-1.5,1.0786937,-.02440238,19.5,2.3643935,-.053487778,25.5,-1.5,1,1.2543273,.009113431,20.5,-1,1.0898294,.011135697,17.5,2.4335113,.069117785,25.5,0,1,1.2770712,.02274394,20,-.5,1.0880613,-.0017681122,17.5,2.3871672,-.046344042,24.5,-1,1,1.2722831,-.0047881603,17,-3,.94579661,-.14226472,11.5,2.0549948,-.33217239,13,-11.5,1,1.2944518,.022168756,15,-2,.99693966,.05114305,9,2.0645435,.0095486641,11,-2,1,1.4020293,.10757744,16,1,1.0334678,.036528111,8.5,2.3153539,.25081038,11.5,.5,1,1.0902207,-.31180859,1.5,-14.5,.64185846,-.39160931,1.5,1.152346,-1.1630079,1.5,-10,1,1.0974263,.0072056055,1.5,0,.70643002,.064571559,1.5,1.3243726,.17202663,1.5,0,1,1.0862019,-.011224389,3,1.5,.61217946,-.09425056,3,1.0488811,-.2754916,3,1.5,1,1.1492772,.063075304,5,2,.65998995,.047810495,3,1.3022381,.25335705,3,0,1,1.2573504,.10807323,7,2,.68847656,.028486609,3,1.373703,.071464896,3,0,1,1.295157,.037806511,7.5,.5,.7009418,.012465239,3,1.4100327,.036329746,3,0,1,1.3047689,.0096119642,8,.5,.79024404,.089302242,3,1.6529961,.24296331,3,0,1,1.3190192,.014250278,11,3,.77711606,-.013127983,3,1.6581829,.0051867962,3,0,1,1.4134318,.094412565,14,3,.87736565,.10024959,2,1.989195,.33101213,6,3,1,1.4577544,.04432261,14.5,.5,.89676291,.019397259,2.5,2.0482767,.059081674,5.5,-.5
Illinois,2,1.4976593,37.5,1.590248,14,2.8364103,37,2,1.4375371,-.060122252,32,-5.5,1.537675,-.052572966,13,2.6705141,-.16589618,34,-3,2,1.4336538,-.0038832426,32,0,1.5534908,.015815735,13,2.693146,.022631884,32,-2,2,1.6402755,.20662165,40,8,1.5506271,-.0028636456,13,3.0117221,.3185761,39,7,2,1.6274508,-.012824655,40,0,1.5506271,0,13,2.9903939,-.021328211,38,-1,2,1.6102624,-.01718843,37,-3,1.5538793,.0032521486,12,2.9343669,-.056026936,34,-4,2,1.7941979,.18393552,42,5,1.601086,.047206759,15,3.4064903,.47212338,43,9,2,2.0270424,.23284447,44,2,1.8736031,.27251709,18,4.4266353,1.0201449,47,4,2,2.0217247,-.005317688,43,-1,1.8134357,-.060167432,19,4.3650303,-.061604977,44,-3,2,2.0875449,.065820217,46,3,1.9198806,.10644495,19,4.7293229,.36429262,47,3,2,1.9734395,-.11410546,41,-5,1.7729074,-.14697325,17,4.2684736,-.46084929,41,-6,2,2.1439455,.170506,44,3,1.9542258,.1813184,19,4.9544983,.68602467,47,6,2,2.1151721,-.028773308,44,0,1.9010941,-.0531317,24,4.9767375,.022239208,45,-2,2,2.1709433,.055771112,47,3,1.8944253,-.0066688061,19.5,4.9633069,-.013430595,49,4,2,2.070462,-.10048127,44,-3,1.8135136,-.080911636,21,4.6990652,-.2642417,46,-3,2,2.0462737,-.02418828,43,-1,1.818213,.0046993494,21,4.6915483,-.007516861,45,-1,2,2.0235066,-.022767067,41,-2,1.7678897,-.050323248,18,4.4211798,-.27036858,41,-4,2,2.2986798,.27517319,48,7,2.0592356,.29134583,23,5.6679993,1.2468195,50,9,2,2.325845,.027165174,49,1,2.0347874,-.024448156,22,5.6848493,.016849995,50,0,2,2.4065983,.080753326,50,1,2.0535371,.018749714,23,6.0288014,.34395218,50,0
Indiana,1,1.4910989,35.5,1.2530826,31.5,3.1524153,40.5,1,1.510695,.0195961,36.5,1,1.2536982,.00061559677,29.5,3.2121217,.05970645,40.5,0,1,1.5070002,-.0036947727,35.5,-1,1.2269479,-.026750326,28.5,3.1869171,-.025204659,39.5,-1,1,1.2541358,-.25286436,21,-14.5,.99729574,-.22965217,16.5,2.2896814,-.89723563,24,-15.5,1,1.2373155,-.016820312,19,-2,.97023612,-.027059615,14,2.2275555,-.062125921,21,-3,1,1.2464868,.0091712475,18.5,-.5,.99926925,.029033124,12.5,2.3252163,.09766078,20.5,-.5,1,1.2538291,.0073423386,18.5,0,.96267062,-.036598623,11.5,2.1927931,-.13242316,15.5,-5,1,1.2722831,.018453956,17,-1.5,.94579661,-.016874015,11.5,2.0549948,-.13779831,13,-2.5,1,1.2944518,.022168756,15,-2,.99693966,.05114305,9,2.0645435,.0095486641,11,-2,1,1.4020293,.10757744,16,1,1.0334678,.036528111,8.5,2.3153539,.25081038,11.5,.5,1,1.5631645,.1611352,28,12,1.2816987,.24823093,14,2.7198601,.40450621,25,13.5,1,1.6871578,.12399328,33,5,1.3359482,.054249525,13.5,3.1588149,.43895483,32,7,1,1.6711012,-.016056538,33,0,1.2488178,-.087130427,13,2.7643402,-.39447474,30,-2,1,1.7127706,.041669369,32,-1,1.3051605,.056342721,13,3.1771488,.41280866,30,0,1,1.7622259,.049455285,32,0,1.2585706,-.046589971,11,3.0581491,-.11899972,28,-2,1,1.789397,.027171135,32,0,1.2548517,-.003718853,10,3.064333,.0061838627,27,-1,1,1.7963665,.0069694519,32,0,1.327921,.073069334,14,3.3419757,.27764273,31,4,1,1.5810173,-.2153492,28,-4,1.0896066,-.23831439,10,2.5579743,-.78400135,20,-11,1,1.5804396,-.00057768822,25,-3,1.1657857,.076179028,10,2.741868,.18389368,22,2,1,1.5896567,.0092171431,24,-1,1.1420087,-.023777008,8,2.6803603,-.061507702,17,-5
Iowa,1,.88994551,4.5,.67757285,13.5,1.3768054,13.5,1,.92240262,.032457113,3.5,-1,.7184732,.04090035,12.5,1.4778754,.10106993,12.5,-1,1,.9269762,.0045735836,4,.5,.58200908,-.13646412,4,1.2680143,-.20986104,4,-8.5,1,.89897197,-.028004229,3.5,-.5,.57265353,-.009355545,3.5,1.1834841,-.084530234,3.5,-.5,1,.89747387,-.0014981031,3.5,0,.57467115,.0020176172,3.5,1.1876538,.0041697025,3.5,0,1,.91007644,.012602568,3.5,0,.61393601,.039264858,3.5,1.2899293,.10227549,3.5,0,1,.92010736,.010030925,3.5,0,.57160711,-.042328894,3.5,1.1698378,-.12009144,3.5,0,1,.94510007,.024992704,3,-.5,.51916397,-.052443147,3,1.0155168,-.15432107,3,-.5,1,.95441067,.0093106031,2,-1,.57203341,.052869439,2,1.0522596,.036742806,2,-1,1,1.1397454,.18533468,4,2,1.0652335,.49320006,11,1.9365548,.88429523,6,4,1,1.1168728,-.022872567,3.5,-.5,1.0508521,-.014381409,7.5,1.7019912,-.23456359,4.5,-1.5,1,1.1063237,-.010549068,3.5,0,1.1015122,.050660133,5.5,1.8061317,.10414052,3.5,-1,1,1.0951905,-.011133194,5.5,2,1.0958332,-.0056790113,10.5,1.6592846,-.14684713,6.5,3,1,1.1407148,.04552424,2.5,-3,1.0384815,-.057351708,7.5,1.8187091,.15942454,6.5,0,1,1.1830291,.042314291,1,-1.5,1.1153475,.076866031,8.5,1.8944451,.075735927,5,-1.5,1,1.1906418,.0076127052,1,0,1.1141452,-.0012023449,7.5,1.893795,-.00065004826,5,0,1,1.167984,-.022657752,2,1,1.0647745,-.049370646,6,1.8698142,-.023980856,6,1,1,1.2185687,.050584674,3.5,1.5,.96811301,-.096661508,5.5,1.8460991,-.023715019,6.5,.5,1,1.1851802,-.033388495,2.5,-1,.98295426,.014841259,6.5,1.8613975,.015298367,2.5,-4,1,1.1974437,.012263536,3.5,1,.951859,-.031095266,4.5,1.8144541,-.046943426,1.5,-1
Kansas,1,.88994551,4.5,.67757285,13.5,1.3768054,13.5,1,.92240262,.032457113,3.5,-1,.7184732,.04090035,12.5,1.4778754,.10106993,12.5,-1,1,.93749279,.015090168,10,6.5,.74897045,.030497253,10,1.5494822,.071606874,10,-2.5,1,.90981233,-.027680457,8.5,-1.5,.74172384,-.0072466135,8.5,1.4467313,-.1027509,8.5,-1.5,1,1.213312,.3034997,17,8.5,1.1290224,.38729852,24,2.333313,.88658166,24,15.5,1,1.2065197,-.0067923069,17,0,1.1143528,-.014669538,21,2.3413453,.0080323219,22,-2,1,1.2141039,.0075842142,16,-1,1.1140109,-.00034189224,20,2.2799089,-.061436415,21,-1,1,1.2090664,-.0050375462,13.5,-2.5,.97827977,-.13573116,14.5,2.0035872,-.27632165,10.5,-10.5,1,1.2163581,.0072916746,8.5,-5,.99693972,.018659949,11.5,1.946551,-.057036281,8.5,-2,1,1.3004524,.084094286,9.5,1,1.0652335,.06829375,11,2.1979382,.25138724,9.5,1,1,1.3107224,.01027,10.5,1,1.0868363,.021602869,9.5,2.0342138,-.16372442,10.5,1,1,1.2712628,-.039459586,7.5,-3,1.1334715,.046635151,8.5,2.1117799,.077566147,9.5,-1,1,1.2770337,.0057709217,11.5,4,1.0554118,-.078059673,8.5,1.8731323,-.23864758,9.5,0,1,1.2395662,-.03746748,12,.5,1.0723211,.016909242,10,2.0066707,.13353837,9,-.5,1,1.2631849,.023618698,9,-3,1.1153475,.043026447,8.5,2.0167754,.010104656,7,-2,1,1.3008219,.037636995,10,1,1.1141452,-.0012023449,7.5,2.0567222,.039946795,7,0,1,1.3103923,.0095703602,10,0,1.132207,.018061876,9,2.1681399,.11141777,9,2,1,1.3842984,.073906183,15.5,5.5,1.143509,.011301994,11,2.3256524,.15751243,11,2,1,1.4745371,.09023869,21,5.5,1.2182184,.074709415,12,2.6303642,.30471182,17,6,1,1.5170755,.042538404,19,-2,1.2279607,.00974226,11,2.6904244,.060060263,18,1
Kentucky,1,.90089446,13,.58991003,5,1.2461244,5,1,.93297076,.032076299,11,-2,.59121656,.0013065338,5,1.281424,.035299659,5,0,1,.9269762,-.0059945583,4,-7,.58200908,-.0092074871,4,1.2680143,-.013409734,4,-1,1,1.2224669,.29549074,17,13,1.0515274,.4695183,20,2.2888007,1.0207864,22,18,1,1.2052047,-.01726222,16,-1,1.0258992,-.025628209,17,2.2330172,-.05578351,23,1,1,1.1983664,-.0068383217,15.5,-.5,1.0259596,.00006043911,16,2.2578371,.024819851,18,-5,1,1.1896323,-.008734107,15,-.5,.99190599,-.034053624,13,2.1189389,-.13889813,13,-5,1,1.2090664,.019434094,13.5,-1.5,.97827977,-.013626218,14.5,2.0035872,-.11535168,10.5,-2.5,1,1.2163581,.0072916746,8.5,-5,.99693972,.018659949,11.5,1.946551,-.057036281,8.5,-2,1,1.3004524,.084094286,9.5,1,1.0652335,.06829375,11,2.1979382,.25138724,9.5,1,1,1.3107224,.01027,10.5,1,1.0868363,.021602869,9.5,2.0342138,-.16372442,10.5,1,1,1.2712628,-.039459586,7.5,-3,1.1334715,.046635151,8.5,2.1117799,.077566147,9.5,-1,1,1.2770337,.0057709217,11.5,4,1.0554118,-.078059673,8.5,1.8731323,-.23864758,9.5,0,1,1.2316316,-.04540205,10,-1.5,1.3389286,.28351676,14,2.1902037,.31707132,13,3.5,1,1.2881621,.056530476,10,0,1.3542526,.015323997,15,2.2771156,.086911917,12,-1,1,1.295157,.0069948435,7.5,-2.5,1.3507971,-.0034555197,13,2.2849858,.0078701973,11,-1,1,1.2743589,-.020798087,5,-2.5,1.2599399,-.090857148,11,2.2274349,-.057550907,11,0,1,1.167202,-.10715687,2,-3,1.0284032,-.23153675,7,1.8512546,-.37618029,8,-3,1,1.1851802,.017978191,2.5,.5,.98295426,-.045448899,6.5,1.8613975,.010142922,2.5,-5.5,1,1.1974437,.012263536,3.5,1,.951859,-.031095266,4.5,1.8144541,-.046943426,1.5,-1
Louisiana,1,.90089446,13,.58991003,5,1.2461244,5,1,.93297076,.032076299,11,-2,.59121656,.0013065338,5,1.281424,.035299659,5,0,1,.9269762,-.0059945583,4,-7,.58200908,-.0092074871,4,1.2680143,-.013409734,4,-1,1,.89897197,-.028004229,3.5,-.5,.57265353,-.009355545,3.5,1.1834841,-.084530234,3.5,-.5,1,.89747387,-.0014981031,3.5,0,.57467115,.0020176172,3.5,1.1876538,.0041697025,3.5,0,1,.91007644,.012602568,3.5,0,.61393601,.039264858,3.5,1.2899293,.10227549,3.5,0,1,.92010736,.010030925,3.5,0,.57160711,-.042328894,3.5,1.1698378,-.12009144,3.5,0,1,1.2009304,.28082299,12,8.5,1.3989394,.82733226,26.5,2.1931498,1.023312,20,16.5,2,1.1919327,-.0089976788,6,-6,1.3982902,-.00064921379,8,2.0711167,-.12203312,13,-7,1,1.3879734,.19604075,14,8,1.5710045,.17271435,27,2.6863885,.61527181,24,11,2,1.2415806,-.14639282,7,-7,1.3939872,-.17701733,7,2.1301379,-.55625057,12,-12,1,1.230109,-.011471629,6,-1,1.3359482,-.05803895,13.5,2.1682794,.038141489,11,-1,2,1.1750808,-.0550282,9,3,1.3521997,.016251445,9,1.9911077,-.17717171,13,2,1,1.2746606,.099579811,13,4,1.3587866,.0065869093,15,2.2937815,.30267382,16,3,1,1.221759,-.052901626,2,-11,1.3243866,-.034399986,13,2.1261635,-.16761804,9,-7,1,1.2449821,.023223162,4,2,1.3195907,-.0047959089,12,2.1662147,.040051222,9,0,1,1.2549784,.009996295,4,0,1.2817972,-.037793517,13,2.204828,.038613319,10,1,1,1.302188,.04720962,7,3,1.2917911,.0099939108,14,2.332849,.128021,12,2,1,1.3033686,.0011805296,8.5,1.5,1.2327898,-.059001327,13,2.3274183,-.0054306984,10,-2,1,1.1892282,-.11414039,2,-6.5,1.2832679,.050478101,13,2.1314151,-.1960032,8,-2
Maine,2,2.0929019,47,1.2364824,4,3.1827769,44,2,2.0882123,-.0046896935,45,-2,1.3775985,.14111614,8,3.5015531,.31877613,44,0,2,2.0949216,.0067093372,45.5,.5,1.3952299,.017631412,9,3.55863,.057076931,44,0,2,1.9514483,-.14347327,45,-.5,1.3920408,-.0031890869,9,3.2794762,-.27915382,44,0,2,1.9607842,.0093358755,45,0,1.3920408,0,9,3.2965293,.017053127,44,0,2,1.9665846,.0058003664,45,0,1.4092443,.01720345,8.5,3.3004687,.0039393902,41,-3,2,1.9712466,.0046620369,45,0,1.3922918,-.016952515,8,3.3484192,.047950506,42,1,2,1.9731228,.001876235,42,-3,1.4454534,.053161621,11,3.5647447,.21632552,42,0,2,2.0168695,.04374671,42,0,1.574492,.12903857,13,3.9604726,.39572787,42,0,2,1.9914031,-.025466442,42,0,1.594705,.020213008,10,3.9712284,.010755777,39,-3,2,2.0892708,.097867727,45,3,1.8174709,.22276592,20,4.6570644,.68583608,46,7,2,2.0118356,-.077435255,40,-5,1.7173914,-.10007954,15,4.2561865,-.40087795,40,-6,2,1.7102433,-.30159223,34,-6,1.5833558,-.13403559,18,3.4566758,-.79951072,38,-2,2,1.7397473,.029503942,34,0,1.7009394,.11758363,15,3.553359,.096683264,35,-3,2,1.780215,.040467739,33,-1,1.7921798,.091240406,18.5,3.8076968,.25433779,36,1,2,1.7742661,-.0059489012,31,-2,1.7873969,-.0047829151,19,3.8229628,.015265942,36,0,2,1.7702527,-.0040134192,31,0,1.8144147,.027017832,19,3.7585776,-.064385176,36,0,2,1.7120128,-.058239937,32,1,1.7050273,-.1093874,17,3.5425498,-.21602774,34,-2,2,1.7706056,.058592796,32,0,1.7597958,.054768443,17,3.7412825,.19873261,36,2,2,1.7622259,-.0083796978,32.5,.5,1.7702205,.010424733,19.5,3.7584946,.017212152,35,-1
Maryland,2,1.5364343,40,1.2631531,6,2.4418035,31,2,1.5300401,-.0063941479,38,-2,1.3531855,.090032458,7,2.5772109,.13540745,30,-1,2,1.5391845,.0091443062,38,0,1.3711309,.017945409,7.5,2.6274488,.050237894,29,-1,2,1.3077123,-.23147213,25,-13,1.2666667,-.10446429,7,2.0878191,-.5396297,19,-10,2,1.3216035,.01389122,26.5,1.5,1.2666667,0,7,2.1099377,.022118568,19,0,1,1.1983664,-.12323713,15.5,-11,1.3451208,.078454137,27,2.2680795,.15814185,19,0,1,1.2380921,.039725661,17,1.5,1.4186082,.073487401,28,2.3260314,.057951927,22,3,2,1.3543967,.11630464,22,5,1.2289784,-.18962979,5.5,2.1793261,-.14670539,19,-3,2,1.3894271,.035030365,23,1,1.2161517,-.012826681,2,2.2404566,.061130524,16,-3,2,1.5097721,.120345,24.5,1.5,1.3346082,.11845648,4,2.6248236,.38436699,20.5,4.5,2,1.3476024,-.16216969,14.5,-10,1.242256,-.092352152,2.5,2.2423103,-.38251328,14.5,-6,2,1.4714376,.12383521,22,7.5,1.0598801,-.18237591,3,2.1755519,-.066758394,12,-2.5,2,1.4764262,.0049886703,26,4,1.2276056,.16772544,7,2.5548611,.37930918,26,14,2,1.6170824,.14065611,29,3,1.2431285,.015522957,4,2.7011387,.14627767,25,-1,2,1.7128547,.095772386,30.5,1.5,1.3230155,.079886913,6,3.1179407,.41680193,30,5,2,1.6835363,-.029318452,29,-1.5,1.3089331,-.014082313,5,3.090483,-.027457714,28,-2,2,1.5391845,-.14435184,25,-4,1.2077944,-.10113871,3,2.5553739,-.53510904,18,-10,2,1.5748039,.035619497,26,1,1.2208405,.013046026,3,2.6535466,.098172665,21,3,2,1.8035219,.22871792,35.5,9.5,1.3059772,.085136771,3.5,3.1659951,.51244855,28.5,7.5,2,1.7510637,-.052458167,30.5,-5,1.2451293,-.060847878,3.5,3.0093055,-.15668964,25.5,-3
Massachusetts,2,2.2811768,50,1.4360439,12,3.9511349,50,2,2.2334013,-.047775507,49,-1,1.3775986,-.058445215,9,3.7346742,-.2164607,46,-4,2,2.2220972,-.01130414,48.5,-.5,1.3466008,-.030997872,6,3.6479547,-.086719513,45,-1,2,1.6757538,-.54634333,41,-7.5,1.5070207,.16041994,12,3.0120058,-.6359489,40,-5,2,1.6749505,-.0008033514,41,0,1.5070207,0,12,3.0128784,.000872612,39,-1,2,1.6700369,-.0049135685,40,-1,1.5072106,.0001899004,11,2.9728487,-.040029764,35,-4,2,1.6280414,-.041995525,37.5,-2.5,1.4793501,-.027860522,9,2.9100707,-.062777996,33,-2,2,1.973123,.34508157,43,5.5,1.681124,.20177388,16,3.9940519,1.0839813,44,11,2,2.1623151,.18919218,47,4,1.8524054,.17128146,20,4.792645,.79859304,48,4,2,2.0158684,-.1464467,43,-4,1.7782384,-.074167013,17,4.3320174,-.46062756,45,-3,2,1.741183,-.27468538,33,-10,1.5694585,-.20877993,12,3.4234836,-.90853381,33,-12,2,1.7230932,-.01808989,34.5,1.5,1.6789873,.10952878,13,3.475446,.051962376,35,2,2,1.9310241,.20793092,41,6.5,1.7545496,.075562358,19,4.2447858,.7693398,42,7,2,1.9671954,.036171317,41,0,1.9620695,.20751989,21,4.4371228,.19233704,44,2,2,1.9421912,-.025004148,40,-1,1.9116005,-.050469041,23.5,4.394187,-.042935848,42,-2,2,1.9265891,-.015602112,39,-1,1.9149438,.0033433437,24,4.384059,-.010128021,41,-1,2,1.9023904,-.024198771,37,-2,1.9040573,-.01088655,21,4.2197633,-.16429567,40,-1,2,1.9739996,.071609259,42,5,1.9713663,.067309022,22,4.5258107,.30604744,43,3,2,1.9091486,-.064851046,38,-4,1.9585738,-.012792468,21,4.3093963,-.21641445,43,0,2,1.9116641,.0025155544,39,1,1.9917365,.033162713,22,4.3655777,.056181431,43,0
Michigan,1,.88994551,4.5,.67757285,13.5,1.3768054,13.5,1,1.3239288,.43398333,29,24.5,1.5328199,.85524702,33,2.6092978,1.2324923,31,17.5,1,1.3344862,.010557413,27,-2,1.5473493,.014529467,33,2.6561577,.04685998,31,0,1,1.3151879,-.019298315,26,-1,1.5438547,-.0034946203,34,2.426904,-.22925377,28,-3,1,1.3141645,-.0010234118,24.5,-1.5,1.5446043,.00074958801,34,2.4280822,.0011782646,27,-1,1,1.307896,-.0062685013,23,-1.5,1.5152018,-.029402494,31,2.4230905,-.0049917698,24,-3,1,1.2847252,-.023170829,22.5,-.5,1.5159695,.00076770782,31,2.3672807,-.055809736,23,-1,2,1.256777,-.027948141,15,-7.5,1.4085709,-.10739863,9,2.2079237,-.15935707,21,-2,2,1.2637935,.0070164204,12,-3,1.2735314,-.13503945,4,2.1031482,-.10477543,14,-7,2,1.450152,.18635857,20,8,1.5492666,.27573514,9,2.7429991,.63985085,25,11,2,1.3255974,-.12455463,12,-8,1.320303,-.22896361,4,2.2678654,-.47513366,16,-9,2,1.3167217,-.0088757277,10,-2,1.411705,.091402054,9,2.325387,.057521582,18,2,2,1.2635273,-.053194404,10,0,1.2704953,-.14120972,8,2.1663241,-.15906286,17,-1,2,1.3975661,.13403881,18,8,1.4187176,.14822233,8,2.5107756,.34445143,22,5,2,1.4029202,.005354166,17,-1,1.4611589,.042441249,8.5,2.6072578,.096482277,21,-1,2,1.4231904,.020270109,17.5,.5,1.5031973,.042038441,13,2.7063062,.099048376,23,2,2,1.4455714,.022381067,19,1.5,1.5812761,.078078747,14,2.7491629,.042856693,24,1,2,1.4718294,.026257992,18.5,-.5,1.6107818,.02950573,15,2.8589475,.1097846,27,3,2,1.4306673,-.041162133,16,-2.5,1.563556,-.047225833,15,2.7410619,-.11788559,21,-6,2,1.5154592,.084791899,18,2,1.5573527,-.0062032938,14.5,2.9588633,.21780133,23,2
Minnesota,2,1.8544707,43,1.289272,7,2.9504004,39,2,1.8062644,-.048206329,41,-2,1.1680944,-.12117755,4,2.6449831,-.3054173,33,-6,2,1.8140171,.0077526569,41,0,1.1888371,.020742655,4,2.7036748,.05869174,33,0,2,1.8215255,.0075083971,44,3,1.0974718,-.091365218,3,2.4932826,-.21039224,30,-3,2,1.8207865,-.00073897839,44,0,1.0974718,0,3,2.4938414,.00055885315,29,-1,2,1.8162675,-.0045189857,43,-1,1.0624624,-.035009384,2,2.3818042,-.11203718,23,-6,2,1.7996539,-.016613603,43,0,1.14607,.083607554,2.5,2.5949655,.21316123,28,5,2,1.77981,-.019843936,40,-3,1.1401147,-.0059553385,3,2.6480451,.053079605,28,0,2,2.001009,.22119904,41,1,1.5932825,.4531678,14,3.9599471,1.311902,41,13,2,1.95789,-.043118954,41,0,1.6569444,.063661933,12,4.0023775,.042430401,41,0,2,2.0597339,.10184383,44,3,1.7587496,.10180521,16,4.4933791,.49100161,44,3,2,2.1700799,.11034608,47,3,2.0063698,.24762022,22,5.1008096,.60743046,49,5,2,1.7955368,-.37454319,39,-8,1.5023366,-.50403321,16,3.5972912,-1.5035183,39,-10,2,2.0751221,.27958536,45,6,1.6719356,.16959894,14,4.3518119,.75452065,41,2,2,2.215708,.1405859,48,3,1.7265975,.054661989,17,4.9754777,.62366581,48,7,2,2.1931221,-.022585869,48,0,1.7321497,.0055521727,18,4.9976807,.022202969,47,-1,2,2.1988122,.0056900978,48,0,1.7079524,-.02419734,16,4.7814884,-.21619225,46,-1,2,2.1212296,-.077582598,45,-3,1.7353054,.027353048,18,4.6521864,-.12930202,45,-1,2,2.112694,-.0085356236,46,1,1.5600761,-.17522931,14,4.2679009,-.38428545,42,-3,2,2.0775526,-.035141468,45,-1,1.5573527,-.0027234554,14.5,4.2434797,-.024421215,41,-1
Mississippi,1,1.4910989,35.5,1.2530826,31.5,3.1524153,40.5,1,1.510695,.0195961,36.5,1,1.2536982,.00061559677,29.5,3.2121217,.05970645,40.5,0,1,1.5070002,-.0036947727,35.5,-1,1.2269479,-.026750326,28.5,3.1869171,-.025204659,39.5,-1,1,1.51603,.0090297461,36,.5,1.2671661,.040218234,28,3.1732614,-.013655663,42,2.5,1,1.5021451,-.013884902,34.5,-1.5,1.2459812,-.021184921,27,3.1202097,-.05305171,41.5,-.5,1,1.5097084,.0075633526,30.5,-4,1.2728554,.026874185,24.5,3.2237539,.10354424,38.5,-3,1,1.5157763,.006067872,28.5,-2,1.2356111,-.03724432,24,3.0737863,-.14996767,36.5,-2,1,1.5310762,.015299916,29,.5,1.2326927,-.0029183626,21.5,2.9211566,-.15262961,33.5,-3,1,1.7792701,.24819386,38,9,1.5035144,.27082169,26,3.7128201,.79166341,39,5.5,1,1.853719,.074448943,37,-1,1.5388488,.035334349,25.5,3.9931746,.2803545,40,1,1,1.866199,.012480021,37,0,1.5406234,.0017746687,23,3.7304726,-.26270199,37,-3,1,1.8172462,-.048952818,37,0,1.4635234,-.077100039,21.5,3.6343813,-.09609127,36,-1,1,1.7941712,-.023074985,38,1,1.4237056,-.03981781,20,3.2753677,-.35901356,35,-1,1,1.8437108,.049539566,37,-1,1.4540145,.030308962,22,3.6951461,.41977835,37,2,1,1.8871466,.043435812,37,0,1.4401389,-.013875604,19,3.6225414,-.072604656,34,-3,1,1.9125439,.025397301,38,1,1.4403656,.00022661686,18,3.6381629,.015621424,33,-1,1,1.919066,.0065220594,39,1,1.4639004,.023534894,19,3.8385005,.20033765,37,4,1,1.9185901,-.00047588348,40,1,1.4312072,-.032693267,19.5,3.8009131,-.037587404,38,1,1,1.9846827,.06609261,42,2,1.4826807,.051473498,19,4.1157613,.31484818,40,2,1,2.0067408,.022058129,41,-1,1.474637,-.0080436468,19,4.0964699,-.019291401,39,-1
Missouri,1,1.0038373,19,.979339,23,1.8741544,22,1,1.032721,.028883696,17,-2,.98012656,.00078755617,21,1.9350433,.060888886,20,-2,1,1.0462213,.013500214,16.5,-.5,1.0026969,.022570312,19.5,1.9919796,.056936264,16.5,-3.5,1,1.0405097,-.0057115555,14,-2.5,.99729574,-.0054011345,16.5,1.8934034,-.098576188,14,-2.5,1,.90833211,-.13217759,8.5,-5.5,.74328262,-.25401312,8.5,1.4497716,-.44363177,8.5,-5.5,1,.92078602,.012453914,8,-.5,.75240058,.0091179609,8,1.5021597,.052388072,8,-.5,1,.95153618,.030750155,8,0,.76411879,.011718214,9,1.4921807,-.0099790096,8,0,1,1.0151203,.063584089,7,-1,.87722927,.11311048,8,1.6061906,.11400986,8,0,1,1.2849497,.26982939,13,6,.91863418,.041404903,5,1.9364038,.33021319,7,-1,1,1.3684111,.083461404,12,-1,.91363138,-.0050027966,4,2.0686069,.1322031,7,0,1,1.3674626,-.00094842911,17,5,.95497751,.041346133,5,1.932078,-.13652885,9,2,1,1.3516262,-.015836477,15.5,-1.5,.86547303,-.08950448,3.5,1.854363,-.077715039,5.5,-3.5,1,1.0702901,-.28133607,1,-14.5,.50517172,-.36030132,1,.87078792,-.98357505,1,-4.5,1,1.1342506,.063960552,1,0,.52428275,.019111037,1,1.0502366,.17944866,1,0,1,1.2396824,.1054318,5,4,.55136192,.027079165,1,1.1106983,.06046176,1,0,1,1.2780117,.038329244,5,0,.56978309,.018421173,1,1.1553333,.044634938,1,0,1,1.2877517,.009739995,6,1,.65577519,.085992098,1,1.3911765,.23584318,1,0,1,1.3021882,.014436483,8,2,.63989449,-.015880704,1,1.3840004,-.0071760416,1,0,1,1.3693941,.067205906,11,3,1.2034707,.56357622,11,2.4197044,1.035704,14,13,1,1.4150969,.045702815,13,2,1.2241848,.020714045,10,2.5014584,.081753969,13,-1
Montana,1,.90089446,13,.58991003,5,1.2461244,5,1,.93297076,.032076299,11,-2,.59121656,.0013065338,5,1.281424,.035299659,5,0,1,1.274359,.34138823,23.5,12.5,1.0026969,.41148031,19.5,2.4036856,1.1222615,26.5,21.5,1,1.2541358,-.020223141,21,-2.5,.99729574,-.0054011345,16.5,2.2896814,-.11400414,24,-2.5,1,1.2373155,-.016820312,19,-2,.97023612,-.027059615,14,2.2275555,-.062125921,21,-3,1,1.2464868,.0091712475,18.5,-.5,.99926925,.029033124,12.5,2.3252163,.09766078,20.5,-.5,1,1.2538291,.0073423386,18.5,0,.96267062,-.036598623,11.5,2.1927931,-.13242316,15.5,-5,1,1.2722831,.018453956,17,-1.5,.94579661,-.016874015,11.5,2.0549948,-.13779831,13,-2.5,1,1.2944518,.022168756,15,-2,.99693966,.05114305,9,2.0645435,.0095486641,11,-2,1,1.0778519,-.21659994,2,-13,.57855183,-.41838783,2,1.1735497,-.89099383,2,-9,1,1.1168728,.039020896,3.5,1.5,1.0508521,.47230023,7.5,1.7019912,.52844155,4.5,2.5,1,1.1063237,-.010549068,3.5,0,1.1015122,.050660133,5.5,1.8061317,.10414052,3.5,-1,1,1.0951905,-.011133194,5.5,2,1.0958332,-.0056790113,10.5,1.6592846,-.14684713,6.5,3,1,1.1407148,.04552424,2.5,-3,1.0384815,-.057351708,7.5,1.8187091,.15942454,6.5,0,1,1.2337369,.093022108,3.5,1,1.0742439,.035762429,6.5,1.9252383,.10652912,6,-.5,1,1.2410386,.0073016882,3,-.5,1.0760976,.0018537045,5.5,1.9234134,-.0018248558,6,0,1,1.2193177,-.021720886,3,0,1.0158213,-.06027627,5,1.8892003,-.034213066,7,1,1,1.2185687,-.00074899197,3.5,.5,.96811301,-.047708333,5.5,1.8460991,-.043101192,6.5,-.5,1,1.2901379,.071569204,5,1.5,.95531547,-.012797534,4,1.9641703,.1180712,4,-2.5,1,1.5427085,.25257063,22,17,1.4493035,.49398804,18,3.005461,1.0412906,24,20
Nebraska,2,2.0975809,48,1.3646326,9.5,3.4830656,46,2,2.2246046,.1270237,48,0,1.4251705,.060537934,10,3.8343248,.35125923,47,1,2,2.2220972,-.0025074482,48.5,.5,1.4422206,.017050028,10.5,3.8773005,.042975664,47,0,2,2.0873835,-.13471365,48.5,0,1.4391354,-.0030851364,10,3.6042733,-.27302718,47,0,2,2.0961142,.0087306499,49,.5,1.4391354,0,10,3.620862,.016588688,47,0,2,2.09219,-.0039241314,49,0,1.4092443,-.029891133,8.5,3.5055156,-.11534643,44,-3,2,2.2103877,.11819768,49,0,1.5210117,.11176741,11,4.0441732,.53865767,47,3,2,2.176316,-.034071684,48,-1,1.6009434,.079931736,13.5,4.2792029,.2350297,46,-1,2,2.1982877,.021971703,48,0,1.6770087,.076065302,16,4.5600729,.28086996,46,0,2,2.1850653,-.013222456,47,-1,1.7410283,.064019561,14,4.68292,.12284708,46,0,2,2.0066931,-.17837214,42,-5,1.8582789,.11725056,21,4.4591479,-.22377205,43,-3,2,1.5413996,-.46529353,25,-17,1.5960134,-.26226544,12,2.9548306,-1.5043173,29,-14,2,1.6295166,.088117003,32,7,1.4540145,-.14199889,11,3.1342371,.1794064,33,4,2,1.5880235,-.041493058,27,-5,1.5222049,.068190336,10,3.012939,-.12129807,29,-4,2,1.3959146,-.19210899,16,-11,1.2635361,-.25866878,5,2.4317737,-.58116531,17,-12,2,1.3883197,-.0075948238,14,-2,1.3053913,.041855216,4,2.4966733,.064899683,17,0,2,1.3689377,-.019382,14,0,1.3541666,.048775315,6,2.4253647,-.071308613,14,-3,2,1.2870425,-.081895232,6,-8,1.4757885,.12162185,11,2.3601606,-.065204144,13,-1,2,1.3033686,.01632607,8.5,2.5,1.3669748,-.10881364,6,2.332937,-.027223587,11,-2,2,1.2919619,-.01140666,6,-2.5,1.4172792,.050304413,7,2.3694115,.036474466,10,-1
Nevada,1,.88994551,4.5,.67757285,13.5,1.3768054,13.5,1,.92240262,.032457113,3.5,-1,.7184732,.04090035,12.5,1.4778754,.10106993,12.5,-1,1,.93749279,.015090168,10,6.5,.74897045,.030497253,10,1.5494822,.071606874,10,-2.5,1,.90981233,-.027680457,8.5,-1.5,.74172384,-.0072466135,8.5,1.4467313,-.1027509,8.5,-1.5,1,.90833211,-.0014802217,8.5,0,.74328262,.0015587807,8.5,1.4497716,.0030403137,8.5,0,1,.92078602,.012453914,8,-.5,.75240058,.0091179609,8,1.5021597,.052388072,8,-.5,1,.95153618,.030750155,8,0,.76411879,.011718214,9,1.4921807,-.0099790096,8,0,1,1.0151203,.063584089,7,-1,.87722927,.11311048,8,1.6061906,.11400986,8,0,1,1.3391237,.32400346,19,12,1.249222,.37199277,19,2.4238577,.81766713,22,14,1,1.4020293,.06290555,16,-3,1.2915323,.042310238,20,2.6348941,.21103644,22,0,1,1.4253837,.023354411,18,2,1.3259473,.034415007,16,2.4958823,-.13901186,21,-1,1,1.4309024,.0055186749,19,1,1.3883858,.062438488,18,2.6507208,.15483856,23,2,1,1.4428428,.011940479,24,5,1.3612584,-.027127385,16.5,2.4967716,-.15394926,25,2,1,1.6707562,.22791338,31,7,1.6387761,.27751768,26,3.4433546,.94658303,33,8,1,1.8291081,.1583519,34,3,1.8745666,.23579049,25,3.9852073,.54185271,38,5,1,1.834041,.0049328804,34,0,1.8906752,.016108632,24,4.006752,.021544695,38,0,1,1.8514622,.017421246,34,0,1.9423268,.051651597,26,4.1204963,.11374426,39,1,1,1.7019619,-.14950037,31,-3,1.8084733,-.13385344,25,3.6220453,-.49845099,35,-4,1,1.7539157,.051953793,31,0,1.7783778,-.030095577,25,3.821907,.19986176,37,2,1,1.7788377,.024922013,34,3,1.8126404,.034262657,24,3.9018872,.079980135,36,-1
New Hampshire,1,1.271036,28,1.1368546,28,2.5239425,33,1,1.2939692,.022933125,26,-2,1.1128459,-.024008751,25.5,2.5614266,.037484169,29,-4,1,1.2896537,-.0043154955,25,-1,1.1079817,-.0048642159,24.5,2.5619707,.0005440712,28,-1,1,1.2696742,-.019979477,24,-1,1.1030961,-.0048855543,23.5,2.4345987,-.12737203,29,1,1,1.2686139,-.0010602474,23,-1,1.1041448,.0010486841,22,2.4369133,.0023145676,28,-1,1,1.2775605,.008946538,22,-1,1.1264144,.022269607,22,2.5152028,.078289509,27,-1,1,1.2847252,.0071647167,22.5,.5,1.1267617,.00034725666,21,2.4397645,-.075438261,26,-1,1,1.3525859,.067860723,21,-1.5,1.1267347,-.000026941299,16,2.4310133,-.0087511539,25,-1,1,1.3299409,-.022644997,17,-4,1.1078007,-.018934011,13,2.2652848,-.16572857,18,-7,1,1.4176756,.087734699,18,1,1.1036556,-.0041451454,13,2.4460683,.18078351,14,-4,1,1.5521499,.13447428,27,9,1.3040106,.20035505,15,2.7269731,.28090477,26,12,1,1.6415055,.089355588,31,4,1.4877262,.18371558,23,3.236289,.50931597,33,7,1,1.4084588,-.23304665,22,-9,1.1348158,-.3529104,12,2.1680248,-1.0682642,18,-15,1,1.4576555,.04919672,24,2,1.1679718,.033156037,12,2.4901009,.32207608,20,2,1,1.5569417,.099286199,26,2,1.1806777,.012705803,10,2.5733275,.083226681,20,0,1,1.58763,.030688286,27,1,1.1865859,.0059082508,9,2.6062832,.032955647,19,-1,1,1.5954809,.0078508854,28,1,1.2451551,.058569193,10,2.8189592,.21267605,25,6,1,1.5949085,-.00057244301,29,1,1.236865,-.0082900524,12,2.8258018,.0068426132,25,0,1,1.6738311,.078922629,28,-1,1.3032044,.066339374,15,3.1365108,.310709,27,2,1,1.7114232,.037592053,29,1,1.3153363,.012131929,14,3.1905191,.054008245,28,1
New Jersey,2,1.4238319,32.5,1.2364824,4,2.2436066,28.5,2,1.6050909,.18125892,40,7.5,1.1392006,-.097281814,3,2.3299007,.086294174,27,-1.5,2,1.6138101,.0087192059,40,0,1.1604598,.021259189,3,2.3860428,.056142092,25,-2,2,1.6101131,-.0036969185,39,-1,1.0022197,-.15824008,1,2.058048,-.32799482,18,-7,2,1.6092771,-.00083601475,39,0,1.0022197,0,1,2.0586128,.00056481361,16,-2,2,1.6041623,-.0051147938,36,-3,.99295992,-.0092597604,1,2.0055876,-.053025246,14,-2,2,1.5853277,-.018834591,34,-2,1.0901728,.097212851,1,2.214617,.20902944,18,4,2,1.5627646,-.0225631,33,-1,1.0181865,-.071986318,1,2.1344383,-.080178738,18,0,2,1.6252052,.062440515,33,0,1.1193008,.10111439,1,2.4421687,.30773044,23,5,2,1.5686886,-.056516528,28,-5,1.1983076,.079006791,1,2.5187433,.076574564,15,-8,2,1.5007687,-.06791997,24,-4,1.2301221,.031814456,1,2.5037596,-.014983654,22,7,2,1.5822023,.081433654,27,3,1.3365587,.10643661,7,2.7666309,.26287127,26,4,2,1.3204393,-.26176298,16,-11,1.0035015,-.33305717,1,2.0001149,-.76651597,14,-12,2,1.442443,.12200367,22,6,1.099278,.095776439,2,2.2053807,.20526576,14,0,2,1.3941576,-.048285365,15,-7,1.0471503,-.052127719,1,2.1495931,-.055787563,10,-4,2,1.3865532,-.0076044798,13,-2,1.0845593,.037409067,1,2.2335918,.08399868,10,0,2,1.3814139,-.0051392317,15,2,1.1088736,.024314284,2,2.1643414,-.069250345,8,-2,2,1.3842984,.0028845072,15.5,.5,1.141469,.032595396,2,2.2327704,.068428993,9,1,2,1.5251952,.1408968,23,7.5,1.2419875,.10051847,2,2.5824208,.34965038,16,7,2,1.4959254,-.029269814,17,-6,1.2112035,-.030784011,2,2.5263045,-.056116343,15,-1
New Mexico,1,1.0038373,19,.979339,23,1.8741544,22,1,1.032721,.028883696,17,-2,.98012656,.00078755617,21,1.9350433,.060888886,20,-2,1,1.0462213,.013500214,16.5,-.5,1.0026969,.022570312,19.5,1.9919796,.056936264,16.5,-3.5,1,1.4157079,.36948669,32,15.5,1.3924954,.38979852,31.5,2.944432,.95245242,38,21.5,1,1.4285494,.012841463,32,0,1.4131219,.020626545,31,2.9880466,.043614626,37,-1,1,1.8747036,.44615424,44,12,1.8522881,.43916619,36,4.5856109,1.5975642,50,13,1,1.8899968,.015293121,44,0,1.8855519,.033263803,34,4.5462828,-.039328098,49,-1,1,2.1169434,.22694659,47,3,2.140568,.25501609,32,5.3276491,.78136635,51,2,1,2.1211164,.0041730404,46,-1,2.1510978,.010529757,30,5.2493911,-.078258038,50,-1,2,2.280566,.15944958,50,4,2.004813,-.14628482,20,5.4048414,.15545034,50,0,2,2.1766031,-.1039629,48,-2,1.9857492,-.019063711,24,5.1327734,-.27206802,49,-1,2,2.1255753,-.051027775,43,-5,1.7917317,-.19401753,17,4.6670256,-.46574783,41,-8,2,2.1428018,.017226458,46,3,1.9290674,.13733566,25,5.0977988,.43077326,46,5,2,1.8383855,-.3044163,36,-10,1.4225434,-.50652397,9,3.402616,-1.6951828,32,-14,2,1.9129459,.074560404,38,2,1.4872485,.064705133,10,3.8074725,.40485644,35,3,2,1.8763179,-.036628008,35,-3,1.4562669,-.03098166,11,3.7340264,-.073446035,35,0,2,1.8829656,.006647706,35,0,1.429021,-.027245879,8,3.5525017,-.18152475,32,-3,2,1.8720356,-.010929942,37,2,1.3885069,-.040514112,7,3.4769769,-.075524807,33,1,2,1.8035219,-.068513751,35.5,-1.5,1.3059772,-.082529664,3.5,3.1659951,-.31098175,28.5,-4.5,2,1.7510637,-.052458167,30.5,-5,1.2451293,-.060847878,3.5,3.0093055,-.15668964,25.5,-3
New York,2,1.9623523,45.5,1.3148723,8,3.164567,42,2,1.9066045,-.055747747,43,-2.5,1.1962906,-.11858165,5,2.837836,-.32673097,38,-4,2,2.1135581,.20695353,47,4,1.4422206,.24592996,10.5,3.6941562,.85632014,46,8,2,2.0826817,-.030876398,47,0,1.2666667,-.17555392,7,3.214201,-.4799552,43,-3,2,2.0820353,-.00064635277,47,0,1.2666667,0,7,3.2147787,.00057768822,43,0,2,2.0686276,-.013407707,47,0,1.2479575,-.018709183,6,3.1110845,-.1036942,37,-6,2,2.044488,-.024139643,47,0,1.2503905,.0024330616,6,3.1592789,.048194408,38,1,2,2.0366924,-.0077955723,45,-2,1.3118361,.061445594,7,3.3973849,.23810601,40,2,2,2.0696495,.032957077,44,-1,1.4319406,.12010443,9,3.7869048,.38951993,40,0,2,2.0255718,-.044077635,44,0,1.3870964,-.044844151,6.5,3.63516,-.15174484,37,-3,2,2.1310852,.10551333,46,2,1.6682926,.28119624,15,4.5419192,.90675926,45,8,2,2.2597136,.12862849,50,4,1.742524,.074231386,16,4.9283075,.3863883,45,0,2,2.2324331,-.027280569,48,-2,1.8244025,.081878424,22,5.2659492,.33764172,48,3,2,2.1754546,-.056978464,48,0,1.6357884,-.18861401,13,4.5243292,-.74162006,46,-2,2,2.0562074,-.1192472,43,-5,1.5629067,-.072881699,13,4.2727709,-.2515583,40,-6,2,2.041477,-.014730453,41,-2,1.5900065,.027099729,15,4.3518915,.079120636,40,0,2,2.0379899,-.0034871101,42,1,1.5139686,-.076037884,12.5,4.035789,-.3161025,38,-2,2,2.0278957,-.010094166,44,2,1.5037569,-.010211706,12,4.0132079,-.0225811,42,4,2,1.9648242,-.063071489,40,-4,1.4480611,-.055695772,11,3.7377453,-.27546263,35,-7,2,2.1755209,.2106967,47,7,1.4889641,.040902972,12,4.3145995,.57685423,42,7
North Carolina,1,.90089446,13,.58991003,5,1.2461244,5,1,.93297076,.032076299,11,-2,.59121656,.0013065338,5,1.281424,.035299659,5,0,1,.9269762,-.0059945583,4,-7,.58200908,-.0092074871,4,1.2680143,-.013409734,4,-1,1,.89897197,-.028004229,3.5,-.5,.57265353,-.009355545,3.5,1.1834841,-.084530234,3.5,-.5,1,.89747387,-.0014981031,3.5,0,.57467115,.0020176172,3.5,1.1876538,.0041697025,3.5,0,1,.91007644,.012602568,3.5,0,.61393601,.039264858,3.5,1.2899293,.10227549,3.5,0,1,1.0282907,.11821431,10,6.5,.7306692,.11673319,7,1.5339227,.2439934,10,6.5,1,1.0175318,-.010758996,9,-1,.6281172,-.102552,6,1.2557994,-.27812326,6,-4,1,1.368095,.35056329,21,12,1.1227447,.49462748,14,2.3507462,1.0949467,19,13,1,1.2966775,-.07141757,8,-13,.98389816,-.13884652,5,2.0805793,-.27016687,8,-11,2,1.1556989,-.14097857,5,-3,1.3203031,.33640492,5,1.9239858,-.15659344,8,0,1,1.3352063,.17950737,13,8,1.4451053,.12480223,20,2.4449527,.52096689,20,12,2,1.329688,-.0055183172,17,4,1.4723213,.027215958,13,2.3803818,-.064570904,21,1,1,1.321858,-.0078299046,15,-2,1.3848212,-.087500095,19,2.4123325,.031950712,19,-2,1,1.3531188,.031260729,13,-2,1.415627,.030805826,18,2.4520893,.039756775,18,-1,1,1.3452823,-.0078364611,11,-2,1.4111412,-.0044858456,16.5,2.4291744,-.022914886,15,-3,1,1.3252711,-.020011187,11,0,1.2781802,-.13296092,12,2.3410599,-.0881145,13,-2,1,1.2659212,-.059349895,5,-6,1.2664554,-.01172483,13,2.2428367,-.098223209,10,-3,1,1.2515657,-.01435554,4,-1,1.1581014,-.10835397,8.5,2.1629496,-.079887152,8,-2,1,1.2297572,-.021808505,5,1,1.1297814,-.028320074,7,2.0782084,-.084741116,7,-1
North Dakota,1,.90089446,13,.58991003,5,1.2461244,5,1,.93297076,.032076299,11,-2,.59121656,.0013065338,5,1.281424,.035299659,5,0,1,1.227332,.29436123,20.5,9.5,.91582453,.32460797,15.5,2.1954334,.91400933,20.5,15.5,1,1.2384025,.01107049,18,-2.5,.96904242,.053217888,13,2.2248149,.029381514,21,.5,1,1.5021451,.26374257,34.5,16.5,1.2459812,.2769388,27,3.1202097,.8953948,41.5,20.5,1,1.5097084,.0075633526,30.5,-4,1.2728554,.026874185,24.5,3.2237539,.10354424,38.5,-3,1,1.5157763,.006067872,28.5,-2,1.2356111,-.03724432,24,3.0737863,-.14996767,36.5,-2,1,1.5310762,.015299916,29,.5,1.2326927,-.0029183626,21.5,2.9211566,-.15262961,33.5,-3,1,1.549547,.018470764,31,2,1.2624931,.029800415,20.5,2.8770747,-.044081926,32,-1.5,1,1.6404806,.090933681,32,1,1.2915323,.029039145,20,3.1435046,.2664299,31,-1,1,1.5121574,-.1283232,26,-6,1.1554476,-.13608468,11,2.451946,-.6915586,18,-13,1,1.617439,.10528159,30,4,1.3624194,.20697176,16.5,3.044302,.59235597,31,13,1,1.380335,-.23710406,20,-10,.96952623,-.39289314,5,1.8881457,-1.1561563,11,-20,1,1.4441413,.063806295,23,3,1.0384816,.068955362,9,2.2766771,.38853145,15,4,1,1.531547,.087405682,25,2,1.0742439,.03576231,6.5,2.3602321,.083554983,14,-1,1,1.562734,.031187057,25,0,1.0760976,.0018537045,5.5,2.3816769,.021444798,12,-2,1,1.5707095,.0079754591,26,1,1.1198728,.043775201,8,2.5762191,.19454217,21,9,1,1.5701278,-.00058162212,25,-1,1.0767845,-.043088317,9,2.5182991,-.057919979,17,-4,1,1.6502361,.080108285,27,2,1.1581014,.081316948,8.5,2.8493538,.33105469,23,6,1,1.6883537,.038117528,28,1,1.1660786,.007977128,9,2.8879416,.038587809,21,-2
Ohio,1,1.199609,25,.97933906,25,2.2179143,27,1,1.2238814,.024272323,23,-2,1.0080693,.028730214,23,2.305618,.087703705,26,-1,1,1.2352941,.01141274,22,-1,1.0300275,.021958232,23,2.366823,.06120491,24,-2,1,1.246294,.010999918,19,-3,1.0776203,.047592759,21,2.3620405,-.0047824383,26,2,1,1.2452139,-.0010801554,21.5,2.5,1.0786937,.0010734797,19.5,2.3643935,.002352953,25.5,-.5,1,1.2543273,.009113431,20.5,-1,1.0898294,.011135697,17.5,2.4335113,.069117785,25.5,0,1,1.2770714,.02274406,21,.5,1.0880613,-.0017681122,17.5,2.3871672,-.046344042,24.5,-1,1,1.3251262,.048054814,20,-1,1.1809027,.092841387,18,2.4336996,.046532393,26,1.5,1,1.3464249,.021298766,20,0,1.2085345,.02763176,17,2.4035001,-.030199528,20,-6,1,1.4365672,.09014225,19,-1,1.2654599,.056925416,18,2.6830928,.27959275,23,3,1,1.4593689,.022801757,19,0,1.2513306,-.014129281,13,2.4848289,-.19826388,19,-4,1,1.4647596,.0053906441,21,2,1.3624192,.11108863,15,2.7075603,.22273135,25,6,1,1.4563692,-.0083904266,25,4,1.2958053,-.066613913,15,2.451246,-.25631428,24,-1,1,1.2395661,-.21680307,11,-14,1.105125,-.19068038,11,2.0422201,-.40902591,11,-13,2,1.5251323,.28556621,24,13,1.6350678,.52994287,14,2.9944515,.95223141,27,16,2,1.5181839,-.0069483519,24,0,1.6245712,-.010496616,16,2.9990773,.0046257973,26,-1,2,1.5134917,-.0046921968,24,0,1.670958,.046386838,15,2.9623613,-.036715984,27,1,2,1.4718294,-.041662335,18.5,-5.5,1.6043019,-.066656113,14,2.8558035,-.10655785,26,-1,1,1.4595007,-.012328744,20,1.5,1.6588893,.054587364,23,2.8832211,.02741766,24,-2,2,1.5170757,.057574987,20,0,1.6734239,.014534593,17,3.0333159,.15009475,27,3
Oklahoma,1,.88994551,4.5,.67757285,13.5,1.3768054,13.5,1,.92240262,.032457113,3.5,-1,.7184732,.04090035,12.5,1.4778754,.10106993,12.5,-1,1,.93749279,.015090168,10,6.5,.74897045,.030497253,10,1.5494822,.071606874,10,-2.5,1,1.5606414,.62314862,37,27,1.4888992,.73992878,33,3.418349,1.8688668,46,36,1,1.5471569,-.013484478,37,0,1.4709114,-.017987847,33,3.3770509,-.041298151,45,-1,1,1.5290661,-.018090844,32.5,-4.5,1.4420888,-.028822541,30,3.3556206,-.021430254,42,-3,1,1.5350574,.0059913397,31.5,-1,1.4386076,-.0034812689,29,3.2768931,-.078727484,40,-2,1,1.5752617,.040204287,35,3.5,1.527099,.08849144,28,3.2808294,.0039362907,39,-1,1,1.6342287,.058966994,34,-1,1.5739194,.046820402,27,3.3706021,.089772701,37,-2,2,1.9071589,.27293015,40,6,1.8471956,.27327621,18,4.1447721,.77416992,42,5,2,1.9077635,.00060462952,38,-2,1.9450451,.097849488,22.5,4.2083211,.063549042,40,-2,2,1.806424,-.10133946,36,-2,1.9763489,.031303763,21,3.91677,-.29155111,38,-2,2,1.772179,-.034245014,37,1,1.8145882,-.16176069,21,3.7574716,-.15929842,40,2,2,1.7227584,-.049420595,33,-4,1.8944253,.079837084,19.5,3.6368954,-.12057614,36,-4,2,1.7128547,-.0099036694,30.5,-2.5,1.8862827,-.0081425905,22,3.6155667,-.021328688,33,-3,2,1.7181214,.0052666664,30,-.5,1.9076772,.021394491,22,3.648597,.033030272,34,1,1,1.7253788,.0072573423,30,0,1.8243326,-.083344579,25,3.6678162,.01921916,33,-1,1,1.7600155,.034636736,35,5,1.8664242,.042091608,27,3.8244781,.15666199,39,6,1,1.7775134,.017497897,33,-2,1.8521569,-.014267325,28,3.9191024,.094624281,38,-1,1,1.7857137,.0082002878,35,2,1.8655052,.013348341,27,3.9428034,.023700953,37,-1
Oregon,1,1.2863702,29,1.2079341,30,2.6081932,35,1,1.3090347,.022664547,27,-2,1.2085727,.00063860416,28,2.6746831,.066489935,35,0,1,1.0462213,-.26281345,16.5,-10.5,1.0026969,-.20587587,19.5,1.9919796,-.6827035,16.5,-18.5,1,1.0405097,-.0057115555,14,-2.5,.99729574,-.0054011345,16.5,1.8934034,-.098576188,14,-2.5,1,1.0579153,.017405629,13.5,-.5,1.0258992,.028603435,17,1.947708,.0543046,13.5,-.5,1,1.0686274,.010712028,12.5,-1,1.0127023,-.013196826,14.5,1.9852873,.037579298,12.5,-1,1,1.1129934,.044366002,11.5,-1,1.0880613,.075358987,17.5,2.0539522,.068664908,11.5,-1,1,1.1678194,.054826021,10.5,-1,1.1809027,.092841387,18,2.1106794,.056727171,16.5,5,1,1.208271,.040451646,7,-3.5,1.2358083,.054905534,18,2.1414938,.030814409,15,-1.5,1,1.359426,.15115499,11,4,1.5920811,.35627282,28,2.5860033,.44450951,17,2,1,1.3548579,-.0045681,16,5,1.5280901,-.063990951,22,2.4369087,-.14909458,17,0,2,1.3461751,-.008682847,14,-2,1.4421746,-.085915565,10,2.4066422,-.030266523,19,2,2,1.3516262,.0054510832,18,4,1.4904029,.048228383,14,2.4394901,.032847881,23,4,2,1.6471171,.29549098,30,12,1.5679325,.07752955,11,3.1940725,.75458241,31,8,2,1.6307548,-.016362309,29,-1,1.135267,-.43266547,3,2.6561365,-.53793597,23,-8,2,1.8233185,.19256365,33,4,1.3507098,.21544278,6,3.4413476,.78521109,32,9,2,1.8301586,.0068401098,33,0,1.3386936,-.012016177,5,3.2878199,-.15352774,29,-3,2,1.8189114,-.011247158,36,3,1.2953576,-.043336034,5,3.2051733,-.082646608,30,1,2,1.9244926,.10558116,39,3,1.3549949,.059637308,5,3.4787233,.27355003,32,2,2,1.8858473,-.038645267,38,-1,1.3417702,-.013224721,5,3.4326575,-.046065807,31,-1
Pennsylvania,2,1.4976593,37.5,1.0306417,1.5,2.0070906,24,2,1.4910989,-.0065604448,34,-3.5,1.1392004,.10855877,1.5,2.1862173,.17912674,23,-1,2,1.5004805,.0093816519,34,0,1.1604596,.021259189,1.5,2.2405057,.054288387,22,-1,2,1.5095491,.0090686083,35,1,1.0666666,-.093793035,2,2.0564327,-.18407297,17,-5,2,1.5215988,.012049675,36,1,1.0666666,0,2,2.0723801,.015947342,17,0,2,1.5290661,.0074672699,32.5,-3.5,1.1276895,.061022878,3,2.1536176,.081237555,17,0,2,1.5350574,.0059913397,31.5,-1,1.14607,.018380523,2.5,2.2461278,.092510223,19,2,2,1.537466,.0024086237,31,-.5,1.1167945,-.029275537,2,2.2735837,.027455807,23,4,2,1.6536108,.11614478,36,5,1.4809831,.36418867,10,3.0569139,.7833302,35,12,2,1.5097721,-.14383876,24.5,-11.5,1.3346082,-.14637494,4,2.6248236,-.43209028,20.5,-14.5,2,1.3476024,-.16216969,14.5,-10,1.242256,-.092352152,2.5,2.2423103,-.38251328,14.5,-6,2,1.3241465,-.023455858,11,-3.5,1.0801964,-.16205966,4,1.9998561,-.24245417,8,-6.5,2,1.3017451,-.022401452,14,3,1.1525815,.072385073,6,2.1478224,.14796627,15,7,2,1.3548224,.05307734,16,2,1.3560408,.20345938,6,2.3723302,.22450781,18,3,2,1.6034732,.24865079,27,11,1.5065193,.15047848,11,3.114526,.74219584,29,11,2,1.5845394,-.018933773,26,-1,1.4877183,-.018800974,12,3.0938292,-.020696878,29,0,2,1.5924056,.0078661442,27,1,1.5139686,.026250243,12.5,3.046958,-.046871185,28,-1,2,1.5794661,-.012939453,27,0,1.5380025,.024033904,13,3.0660999,.019141912,29,1,2,1.6427932,.063327074,26,-1,1.5877008,.049698353,16,3.2531765,.18707657,30,1,2,1.6337579,-.0090352297,26,0,1.6099732,.022272348,16,3.2858031,.032626629,30,0
Rhode Island,2,1.9623523,45.5,1.5902479,13,3.7155709,48,2,1.9168611,-.045491219,44,-1.5,1.5376749,-.052572966,12,3.5379829,-.17758799,45,-3,2,1.9343314,.01747036,43,-1,1.3711309,-.16654396,7.5,3.2494683,-.28851461,41,-4,2,1.7557507,-.17858076,43,0,1.2666667,-.10446429,7,2.7347291,-.51473927,36,-5,2,1.7661214,.010370731,43,0,1.2666667,0,7,2.7516522,.016923189,34,-2,2,1.7614621,-.0046592951,42,-1,1.3039383,.037271619,7,2.7780554,.026403189,31,-3,2,1.7443267,-.017135382,40,-2,1.2503905,-.05354774,6,2.7184811,-.059574366,30,-1,2,1.3830481,-.36127865,23,-17,1.3513613,.10097075,8,2.3724113,-.34606981,24,-6,2,1.4498538,.06680572,26,3,1.3329082,-.018453121,5,2.4855151,.11310387,26,2,2,1.5387161,.0888623,27,1,1.2799696,-.052938581,2,2.5974412,.11192608,18,-8,2,1.6426761,.10396004,30,3,1.3722974,.092327833,6,2.9630127,.3655715,29,11,2,1.593009,-.04966712,28.5,-1.5,.99644929,-.37584811,1.5,2.2279153,-.73509741,13.5,-15.5,2,1.5852973,-.0077116489,30,1.5,1.1369827,.14053339,4.5,2.6252449,.39732957,28,14.5,2,1.4028175,-.18247986,19,-11,1.0330091,-.10397363,1,2.0493157,-.57592916,12,-16,2,1.4860623,.083244801,21,2,1.0653569,.032347798,2,2.313076,.26376033,13,1,2,1.4789306,-.0071316957,22,1,1.1098758,.044518948,2,2.416707,.10363102,13,0,2,1.4741133,-.0048172474,22,0,1.0994395,-.010436296,1,2.2873073,-.12939978,12,-1,2,1.4867413,.012627959,20,-2,1.1230694,.023629904,1,2.3607776,.073470354,14,2,2,1.4134316,-.07330966,12,-8,1.1272949,.0042254925,1,2.239984,-.12079358,9,-5,2,1.4029202,-.010511398,11,-1,1.1762996,.049004674,1,2.3275561,.087572098,9,0
South Carolina,1,.90089446,13,.58991003,5,1.2461244,5,1,.93297076,.032076299,11,-2,.59121656,.0013065338,5,1.281424,.035299659,5,0,1,.9269762,-.0059945583,4,-7,.58200908,-.0092074871,4,1.2680143,-.013409734,4,-1,1,.89897197,-.028004229,3.5,-.5,.57265353,-.009355545,3.5,1.1834841,-.084530234,3.5,-.5,1,.89747387,-.0014981031,3.5,0,.57467115,.0020176172,3.5,1.1876538,.0041697025,3.5,0,1,.91007644,.012602568,3.5,0,.61393601,.039264858,3.5,1.2899293,.10227549,3.5,0,1,.92010736,.010030925,3.5,0,.57160711,-.042328894,3.5,1.1698378,-.12009144,3.5,0,1,.94510007,.024992704,3,-.5,.51916397,-.052443147,3,1.0155168,-.15432107,3,-.5,1,1.41564,.47053993,24,21,1.1592623,.64009833,15,2.4825997,1.467083,25,22,1,1.5194813,.1038413,26,2,1.204736,.045473695,16,2.7748156,.29221582,26,1,1,1.5056602,-.013821125,25,-1,1.1882685,-.016467452,12,2.4877701,-.28704548,20,-6,1,1.8453523,.33969212,38,13,1.4635234,.27525485,21.5,3.7010319,1.2132618,37,17,1,1.8306838,-.014668465,40,2,1.404489,-.059034348,19,3.317225,-.38380694,36,-1,1,1.874037,.0433532,39,-1,1.4354745,.030985475,21,3.7359946,.4187696,38,2,1,2.1345775,.26054049,47,8,1.6625282,.22705364,22,4.5880218,.85202718,45,7,1,2.1570632,.022485733,47,0,1.6556931,-.006835103,21,4.5845094,-.0035123825,44,-1,1,2.1628482,.0057849884,47,0,1.7117363,.056043267,23,4.8730702,.28856087,47,3,1,2.1556146,-.0072336197,47,0,1.6893518,-.022384524,24,4.8372087,-.035861492,46,-1,1,2.0586367,-.096977949,45,-2,1.8327729,.14342105,26,4.8336501,-.0035586357,48,2,1,2.0751917,.016555071,44,-1,1.8354833,.0027104616,26,4.8447766,.011126518,48,0
South Dakota,1,.90089446,13,.58991003,5,1.2461244,5,1,.93297076,.032076299,11,-2,.59121656,.0013065338,5,1.281424,.035299659,5,0,1,.9269762,-.0059945583,4,-7,.58200908,-.0092074871,4,1.2680143,-.013409734,4,-1,1,.89897197,-.028004229,3.5,-.5,.57265353,-.009355545,3.5,1.1834841,-.084530234,3.5,-.5,1,.89747387,-.0014981031,3.5,0,.57467115,.0020176172,3.5,1.1876538,.0041697025,3.5,0,1,.91007644,.012602568,3.5,0,.61393601,.039264858,3.5,1.2899293,.10227549,3.5,0,1,.92010736,.010030925,3.5,0,.57160711,-.042328894,3.5,1.1698378,-.12009144,3.5,0,1,.94510007,.024992704,3,-.5,.51916397,-.052443147,3,1.0155168,-.15432107,3,-.5,1,.95441067,.0093106031,2,-1,.57203341,.052869439,2,1.0522596,.036742806,2,-1,1,1.0778519,.12344122,2,0,.57855183,.0065184236,2,1.1735497,.12129009,2,0,1,1.0902207,.012368798,1.5,-.5,.64185846,.06330663,1.5,1.152346,-.021203637,1.5,-.5,1,1.0974263,.0072056055,1.5,0,.70643002,.064571559,1.5,1.3243726,.17202663,1.5,0,1,1.0862019,-.011224389,3,1.5,.61217946,-.09425056,3,1.0488811,-.2754916,3,1.5,1,1.1492772,.063075304,5,2,.65998995,.047810495,3,1.3022381,.25335705,3,0,1,1.2573504,.10807323,7,2,.68847656,.028486609,3,1.373703,.071464896,3,0,1,1.295157,.037806511,7.5,.5,.7009418,.012465239,3,1.4100327,.036329746,3,0,1,1.3047689,.0096119642,8,.5,.79024404,.089302242,3,1.6529961,.24296331,3,0,1,1.3190192,.014250278,11,3,.77711606,-.013127983,3,1.6581829,.0051867962,3,0,1,1.4134318,.094412565,14,3,.87736565,.10024959,2,1.989195,.33101213,6,3,1,1.3440315,-.069400311,8.5,-5.5,.89158541,.014219761,1,1.9018893,-.087305665,4,-2
Tennessee,1,1.0135567,22,.92086577,19,1.840708,19,1,1.0421711,.028614402,20,-2,.89105636,-.029809415,17,1.8615283,.02082026,17,-2,1,1.0368081,-.0053629875,13.5,-6.5,.884974,-.006082356,13.5,1.8591477,-.0023806095,13.5,-3.5,1,1.0310445,-.0057636499,11.5,-2,.87884957,-.0061244369,11.5,1.7732543,-.085893393,11.5,-2,1,1.0486072,.017562747,11.5,0,.91117889,.032329321,11.5,1.8384851,.065230846,11.5,0,1,1.0594133,.010806084,10.5,-1,.91453636,.00335747,10.5,1.8901684,.051683307,10.5,-1,1,.92010736,-.13930595,3.5,-7,.57160711,-.34292924,3.5,1.1698378,-.7203306,3.5,-7,1,.94510007,.024992704,3,-.5,.51916397,-.052443147,3,1.0155168,-.15432107,3,-.5,1,1.3752424,.43014228,22,19,1.3014948,.78233087,23,2.5412028,1.525686,27,24,1,1.4719601,.096717715,22,0,1.5334238,.23192894,24,2.9392323,.39802957,29,2,2,1.4810412,.0090811253,22,0,1.6349924,.10156858,13,2.7900379,-.14919448,28,-1,1,1.642998,.16195679,32,10,1.6143688,-.020623565,25,3.333838,.54380012,34,6,2,1.6219786,-.02101934,31,-1,1.7848213,.17045248,20,3.2362936,-.097544432,34,0,1,1.4097888,-.21218979,20,-11,1.4040303,-.38079095,20,2.6274097,-.60888386,24,-10,1,1.4391408,.02935195,18,-2,1.4120907,.0080603361,17,2.6346521,.0072424412,22,-2,1,1.4589077,.019766927,21,3,1.4111412,-.00094950199,16.5,2.664464,.029811859,22,0,1,1.4674475,.0085397959,21,0,1.3589362,-.052204967,16,2.7038281,.0393641,23,1,1,1.5080202,.040572643,24,3,1.3615834,.0026471615,16.5,2.8175626,.11373448,24,1,1,1.553852,.0458318,24,0,1.3370219,-.024561405,16.5,2.9369297,.11936712,25,1,1,1.5679226,.01407063,23,-1,1.3431991,.006177187,15,2.9429083,.0059785843,22,-3
Texas,1,1.592828,41,1.6031893,35,3.5832465,47,1,2.1069081,.51408005,47,6,2.1120245,.5088352,36,5.5736818,1.9904354,51,4,1,2.0949216,-.011986494,45.5,-1.5,2.0962563,-.01576829,36,5.5514522,-.022229671,51,0,1,2.0542433,-.040678263,46,.5,2.0803683,-.015887976,36,5.2096972,-.34175491,51,0,1,2.0344021,-.019841194,46,0,2.0540535,-.026314735,36,5.1437993,-.065897942,51,0,1,2.0206785,-.013723612,46,0,2.0264864,-.027567148,37,5.1324711,-.01132822,51,0,1,2.0252159,.004537344,46,0,2.0243921,-.0020942688,35,5.0866156,-.045855522,51,0,2,2.1942613,.16904545,49,3,2.0862629,.061870813,19,5.1976976,.11108208,50,-1,2,2.4038608,.20959949,51,2,2.2499685,.16370559,21,6.1318235,.9341259,51,1,2,2.2902179,-.11364293,51,0,2.0719759,-.17799258,21,5.5408945,-.59092903,51,0,2,2.2134511,-.076766729,50,-1,2.0082829,-.063693047,25,5.2799063,-.26098824,50,-1,2,2.1632926,-.050158501,45,-5,1.9120551,-.096227765,18,4.9541521,-.32575417,46,-4,2,2.1553471,-.0079455376,47,2,1.9290675,.017012358,26,5.1412539,.18710184,47,1,2,2.11953,-.035817146,46,-1,1.8742359,-.054831624,18,4.7875161,-.35373783,47,0,2,2.0775523,-.041977644,45,-1,1.9116005,.037364602,23.5,4.8337417,.046225548,47,0,2,2.0629742,-.014578104,44,-1,1.9125246,.00092411041,23,4.8413649,.0076231956,46,-1,2,2.0595236,-.0034506321,43,-1,1.9738966,.061372042,22,4.7728753,-.068489552,45,-1,2,2.0121219,-.047401667,43,0,1.8738422,-.10005438,19.5,4.5480533,-.22482204,44,-1,2,1.973537,-.038584948,41,-2,1.9108189,.036976695,20,4.4601731,-.087880135,44,0,2,1.9459734,-.027563572,40,-1,1.8731471,-.037671804,21,4.3775535,-.082619667,44,0
Utah,1,1.0135567,22,.92086577,19,1.840708,19,1,1.0421711,.028614402,20,-2,.89105636,-.029809415,17,1.8615283,.02082026,17,-2,1,1.3849579,.34278679,30,10,1.2930846,.40202826,30,2.9335263,1.071998,37,20,1,1.3226213,-.062336564,28,-2,1.245052,-.048032641,27,2.6522174,-.28130889,34,-3,1,1.3216035,-.0010178089,26.5,-1.5,1.2459812,.00092923641,27,2.6541967,.001979351,32,-2,1,1.6163393,.29473579,38,11.5,1.5504659,.30448472,33,3.6550894,1.0008926,46,14,1,1.6220083,.0056689978,36,-2,1.5714935,.021027565,32,3.5795836,-.075505733,45,-1,1,1.6363152,.014306903,38,2,1.567492,-.0040014982,29,3.4809055,-.098678112,41,-4,1,1.6931573,.056842089,37,-1,1.6157213,.048229337,28,3.5662749,.085369349,38,-3,1,1.7517499,.058592558,35,-2,1.7033464,.087625027,30,3.8386936,.27241874,38,0,1,1.9128957,.16114581,39,4,1.8156536,.11230719,26,4.1654115,.32671785,39,1,1,2.0312343,.11833858,41,2,1.9454454,.12979186,28,4.7625327,.59712124,42,3,1,2.0300274,-.0012068748,43,2,1.8722175,-.073227882,23,4.4782023,-.28433037,43,1,1,1.9269134,-.10311401,40,-3,1.8631428,-.009074688,28,4.3702083,-.10799408,42,-1,1,1.9784498,.051536441,41,1,1.8531055,-.010037303,24,4.4288483,.058640003,44,2,1,1.9830112,.0045614243,40,-1,1.8460732,-.0070323944,23,4.4125805,-.016267776,43,-1,1,1.9444417,-.03856957,40,0,1.970722,.12464881,27,4.4616008,.04902029,42,-1,1,1.7361801,-.20826161,33,-7,1.8389364,-.13178551,26,3.7400029,-.72159791,37,-5,1,1.7871394,.050959349,34,1,1.8473299,.0083934069,27,3.9513609,.21135807,39,2,1,1.8007483,.013608932,36,2,1.8329593,-.014370561,25,3.980947,.029586077,38,-1
Vermont,1,1.0038373,19,.979339,23,1.8741544,22,1,1.032721,.028883696,17,-2,.98012656,.00078755617,21,1.9350433,.060888886,20,-2,1,1.0462213,.013500214,16.5,-.5,1.0026969,.022570312,19.5,1.9919796,.056936264,16.5,-3.5,1,1.0405097,-.0057115555,14,-2.5,.99729574,-.0054011345,16.5,1.8934034,-.098576188,14,-2.5,1,1.0579153,.017405629,13.5,-.5,1.0258992,.028603435,17,1.947708,.0543046,13.5,-.5,1,1.0686274,.010712028,12.5,-1,1.0127023,-.013196826,14.5,1.9852873,.037579298,12.5,-1,1,1.1129934,.044366002,11.5,-1,1.0880613,.075358987,17.5,2.0539522,.068664908,11.5,-1,1,1.1678194,.054826021,10.5,-1,1.1809027,.092841387,18,2.1106794,.056727171,16.5,5,1,1.0427704,-.125049,4.5,-6,.92766136,-.25324136,6.5,1.6202115,-.49046791,4.5,-12,1,1.1568211,.11405075,5.5,1,1.0006942,.073032796,6.5,1.8962303,.27601886,4.5,0,1,1.4660715,.30925035,20,14.5,1.4238564,.42316222,20,2.665009,.76877868,24,19.5,2,1.5619342,.095862746,26,6,1.3160704,-.10778594,6,2.7014182,.03640914,24,0,2,1.314859,-.2470752,15,-11,1.1369827,-.17908776,4.5,2.1549213,-.54649687,16,-8,2,1.5489575,.23409843,26,11,1.391644,.25466132,7,2.7857277,.63080645,27,11,2,1.4459372,-.10302031,19,-7,1.4611589,.069514871,8.5,2.7076817,-.078046083,24,-3,2,1.4110837,-.034853458,15.5,-3.5,1.4044803,-.056678534,8.5,2.6242816,-.083400011,20.5,-3.5,2,1.4060341,-.0050495863,16.5,1,1.429021,.024540663,8,2.5631227,-.061158895,19.5,-1,2,1.4933211,.087286949,22.5,6,1.3885069,-.040514112,7,2.7291028,.1659801,22.5,3,2,1.4340895,-.05923152,17.5,-5,1.4177181,.029211164,7.5,2.6326616,-.096441269,18.5,-4,2,1.4098911,-.024198413,12,-5.5,1.4025028,-.015215278,6,2.5989149,-.033746719,16,-2.5
Virginia,1,1.3386571,31,1.3179084,34,2.7839463,36,1,1.345961,.007303834,30,-1,1.2972549,-.020653486,31,2.8117168,.027770519,37,1,1,1.3418126,-.0041483641,28,-2,1.2930847,-.0041701794,31,2.817224,.0055072308,36,-1,1,1.3519462,.010133624,31,3,1.3313063,.038221598,29,2.7513666,-.06585741,37,1,1,1.3509505,-.0009957552,28.5,-2.5,1.3321755,.00086915493,29,2.7531629,.0017962456,35,-2,1,1.3593553,.008404851,25.5,-3,1.3350366,.0028611422,26,2.8050199,.051856995,33,-2,1,1.3660913,.0067359209,25,-.5,1.3248796,-.010156989,26.5,2.7516308,-.053389072,32,-1,1,1.4471332,.081041932,27,2,1.3989394,.074059725,26.5,2.8696184,.11798763,31,-1,1,1.4582818,.011148572,27,0,1.3882444,-.010694981,25,2.7939441,-.075674295,31,0,1,1.595029,.13674724,30,3,1.5388488,.15060437,25.5,3.2885642,.49462008,34,3,1,1.4744067,-.12062228,21,-9,1.3331792,-.20566952,17,2.6033547,-.68520951,23,-11,1,1.4394413,-.034965396,20,-1,1.2883159,-.044863343,12,2.5848382,-.018516541,22,-1,2,1.4240344,-.015406966,23,3,1.5777067,.2893908,17,2.6393845,.054546356,29,7,1,1.4304993,.0064649582,21,-2,1.4904029,-.087303758,23,2.718904,.07951951,26,-3,2,1.508976,.078476667,22,1,1.6985245,.20812154,16,2.9585547,.23965073,25,-1,2,1.501953,-.0070229769,23,1,1.7079256,.009401083,17,2.9539309,-.0046238899,25,0,1,1.4840559,-.017897129,23,0,1.5853627,-.12256289,21,2.8855927,-.068338156,26,1,1,1.3682706,-.11578524,14,-9,1.3615834,-.22377932,16.5,2.5209346,-.36465812,18,-8,1,1.3549999,-.013270736,10,-4,1.2614274,-.10015595,14,2.4530349,-.067899704,15,-3,1,1.3728991,.017899156,10,0,1.2540743,-.0073530674,12,2.458118,.0050830841,11,-4
Washington,2,2.4788997,51,1.6110728,15,4.7468796,51,2,2.4350069,-.04389286,51,0,1.5158423,-.09523046,11,4.4236126,-.32326698,49,-2,2,2.4327164,-.0022904873,51,0,1.4877276,-.028114676,12,4.3529592,-.070653439,49,0,2,2.4463487,.013632298,51,0,1.6343534,.14662576,15,4.7164426,.36348343,50,1,2,2.4457984,-.00055027008,51,0,1.6343534,0,15,4.7170978,.00065517426,50,0,2,2.426327,-.019471407,51,0,1.5991867,-.03516674,13,4.5380263,-.17907143,49,-1,2,2.4057794,-.020547628,51,0,1.601086,.0018993616,15,4.6042271,.066200733,50,1,2,2.399158,-.0066213608,51,0,1.6967053,.095619321,17,4.9705157,.36628866,49,-1,2,2.2985754,-.1005826,50,-1,1.8002582,.10355282,18,5.0473266,.076810837,49,0,2,2.2676325,-.030942917,49,-1,1.7647982,-.035459995,16,4.9292517,-.11807489,49,0,2,2.3456998,.078067303,51,2,1.9450451,.18024695,22.5,5.6154428,.68619108,51,2,2,2.2422922,-.10340762,48,-3,1.7173913,-.22765386,14,4.8354902,-.77995253,43,-8,2,2.23682,-.0054721832,49,1,1.8535336,.13614237,23,5.3220396,.48654938,49,6,2,2.2939081,.057088137,49,0,1.7009395,-.15259409,16,4.9402223,-.38181734,48,-1,2,2.3582458,.06433773,50,1,1.8135135,.11257398,20,5.5346341,.59441185,49,1,2,2.3286326,-.029613256,50,0,1.8079994,-.0055141449,20,5.5209599,-.013674259,50,1,2,2.3255763,-.0030562878,50,0,1.720107,-.087892413,17,5.1268845,-.39407539,49,-1,2,2.2997458,-.025830507,49,-1,1.6617115,-.058395505,16,4.9574194,-.16946507,47,-2,2,2.2267854,-.072960377,48,-1,1.5354968,-.12621462,13,4.4630804,-.49433899,45,-2,2,2.1845152,-.042270184,48,0,1.5166895,-.018807292,13,4.3949404,-.06814003,45,0
West Virginia,1,.88994551,4.5,.67757285,13.5,1.3768054,13.5,1,.92240262,.032457113,3.5,-1,.7184732,.04090035,12.5,1.4778754,.10106993,12.5,-1,1,.93749279,.015090168,10,6.5,.74897045,.030497253,10,1.5494822,.071606874,10,-2.5,1,.90981233,-.027680457,8.5,-1.5,.74172384,-.0072466135,8.5,1.4467313,-.1027509,8.5,-1.5,1,.90833211,-.0014802217,8.5,0,.74328262,.0015587807,8.5,1.4497716,.0030403137,8.5,0,1,.92078602,.012453914,8,-.5,.75240058,.0091179609,8,1.5021597,.052388072,8,-.5,1,.95153618,.030750155,8,0,.76411879,.011718214,9,1.4921807,-.0099790096,8,0,1,1.0151203,.063584089,7,-1,.87722927,.11311048,8,1.6061906,.11400986,8,0,1,1.0427704,.027650118,4.5,-2.5,.92766136,.050432086,6.5,1.6202115,.01402092,4.5,-3.5,1,1.1568211,.11405075,5.5,1,1.0006942,.073032796,6.5,1.8962303,.27601886,4.5,0,1,1.1850179,.028196812,6,.5,1.0135911,.012896895,6,1.7623664,-.13386393,6,1.5,1,1.1916504,.0066324472,5,-1,1.1334715,.11988044,8.5,1.9751011,.2127347,7,1,1,1.1667079,-.024942517,8,3,.99716043,-.13631105,6,1.6557115,-.31938958,5,-2,1,1.2256471,.058939219,9,1,1.0298479,.032687426,6,1.9361411,.2804296,8,3,1,1.3238199,.098172784,11,2,1.0695794,.039731503,5,2.0499811,.11383998,8,0,2,1.2069976,-.11682224,2,-9,1.3609536,.29137421,7,2.1481175,.098136425,8,0,1,1.089824,-.11717367,1,-1,1.1157311,-.24522245,7,1.7934375,-.35468006,5,-3,1,1.0889858,-.00083816051,1,0,1.0724765,-.043254614,8,1.7821465,-.011291027,5,0,1,1.1344624,.045476556,1,0,.97382843,-.098648071,5,1.7815686,-.00057780743,1,-4,1,1.1726243,.038161993,1,0,.9900049,.016176462,6,1.8322707,.050702095,3,2
Wisconsin,1,1.5300401,39,1.6875999,36,3.2295487,45,1,1.5491438,.019103646,39,0,1.6880572,.00045728683,35,3.332696,.10314727,43,-2,1,1.558176,.0090322495,39,0,1.7012612,.013203979,35,3.3797629,.047066927,43,0,1,1.3446751,-.21350098,30,-9,1.3924954,-.30876577,31.5,2.7160604,-.66370249,35,-8,1,1.3581883,.013513207,30,0,1.4131221,.020626664,32,2.7562926,.040232182,36,1,1,1.3665485,.0083602667,27,-3,1.4041054,-.009016633,29,2.8032815,.046988964,32,-4,2,1.646008,.27945948,39,12,1.5210117,.11690629,11,3.0030501,.19976854,34,2,2,1.6242881,-.021719933,37,-2,1.4454533,-.075558424,10,2.920399,-.082651138,32,-2,2,1.6417105,.017422438,35,-2,1.3811578,-.06429553,7,2.8951283,-.0252707,33,1,2,1.8590003,.21728981,38,3,1.3346082,-.046549559,4,3.232964,.33783579,33,0,2,1.9534667,.094466329,40,2,1.5307515,.19614327,11,3.8761525,.64318848,38,5,2,1.593009,-.36045766,28.5,-11.5,.99644929,-.53430218,1.5,2.2279153,-1.6482372,13.5,-24.5,2,1.4978518,-.095157146,27,-1.5,1.0970159,.10056657,3,2.4139719,.18605661,22,8.5,2,1.5185955,.020743608,25,-2,1.2121392,.11512339,3,2.4904375,.076465607,21,-1,2,1.4644643,-.05413115,20,-5,1.2248958,.012756586,4,2.5114846,.021047115,19,-2,2,1.4572268,-.0072375536,19.5,-.5,1.2473565,.022460699,3,2.5688639,.057379246,18,-1,2,1.4657764,.0085496902,20,.5,1.2584782,.011121631,4,2.5007198,-.068144083,16,-2,2,1.4517088,-.01406765,17,-3,1.2872909,.028812766,4,2.5331936,.032473803,19,3,2,1.4544539,.0027451515,19,2,1.448061,.16077006,10,2.7028966,.16970301,20,1,2,1.4711436,.016689658,16,-3,1.488964,.040902972,11,2.803417,.10052037,19,-1
Wyoming,1,1.2939692,30,1.1610314,29,2.594991,34,1,1.3165028,.022533655,28,-2,1.1375331,-.023498297,27,2.6346712,.039680243,32,-2,1,1.3122613,-.0042414665,26,-2,1.1327749,-.0047581196,26,2.6355791,.00090789795,30,-2,1,1.3373642,.025102854,29,3,1.1762176,.043442607,26,2.6487393,.013160229,33,3,1,1.3509505,.013586283,28.5,-.5,1.2005657,.02434814,25,2.7035694,.054830074,33,0,1,1.3593553,.008404851,25.5,-3,1.2074761,.0069104433,23,2.772383,.068813562,30,-3,1,1.3803699,.021014571,26,.5,1.2356111,.028134942,24,2.7458594,-.02652359,31,1,1,1.3971534,.016783476,24,-2,1.2326927,-.0029183626,21.5,2.6331825,-.11267686,27,-4,1,1.4173703,.020216942,25,1,1.2624931,.029800415,20.5,2.5999174,-.033265114,28,1,1,1.5032644,.085894108,23,-2,1.2915323,.029039145,20,2.8520403,.25212288,28,0,1,1.6306961,.12743163,29,6,1.396583,.10505068,19,3.0028808,.15084052,30,2,1,1.5173607,-.11333537,23,-6,1.3624194,-.034163594,16.5,2.8242722,-.17860866,27,-3,1,1.5221988,.004838109,28.5,5.5,1.2958052,-.066614151,14,2.5706592,-.253613,27,0,1,1.5926468,.070448041,28,-.5,1.3653419,.069536686,16.5,3.0067656,.43610644,28,1,1,1.6065273,.013880491,28,0,1.5855598,.22021794,20,3.1636345,.15686893,31,3,1,1.6242586,.017731309,28,0,1.5783914,-.0071684122,19,3.1896305,.02599597,30,-1,1,1.6439046,.019645929,29,1,1.5618261,-.016565323,20,3.2979198,.10828924,30,0,1,1.6313736,-.012530923,30,1,1.5312252,-.030600905,22,3.2672744,-.03064537,31,1,1,1.6855048,.05413115,29,-1,1.5300978,-.0011273623,21,3.4543905,.18711615,31,0,1,1.6825367,-.0029680729,27,-2,1.696543,.16644514,22,3.5520933,.097702742,33,2
